id,Domain,Status,Attractiveness,Demand,Length,Registrar,Created,Expires
27d663a7-18a6-40dc-bdbb-6b849b83aef3,care.car,available,80,32,4,,,
79ee4dd7-dd84-4b3f-9ceb-e728bf905342,care.cards,premium,80,32,4,,,
e236b85b-02f8-471a-91b6-1890541ce78a,care.careers,premium,80,32,4,,,
8cc531fb-7a8f-4e2b-a3e6-8ef1acf4bbfc,care.cars,available,80,32,4,,,
61d5b2cd-3423-4d5c-9ca9-8a3ea411db1b,care.casino,available,80,32,4,,,
a0a878dc-99ba-4bbc-985b-11db7c27ded8,care.catering,premium,80,32,4,,,
94bf5671-22f8-4941-ac92-03c1ccc90382,care.ceo,available,80,32,4,,,
bed2a6de-dba5-4aea-a50f-a40ed6b6fab8,care.cfd,premium,80,32,4,,,
98757711-25de-44c3-9d2c-789441be183a,care.chat,premium,80,32,4,,,
a42dff93-1ee7-47ec-abf3-67fe147ecaea,care.cheap,sold,80,32,4,Domain Science Kutatási Szolgáltató Korlátolt Felelősségű Társaság,01/11/2025 15:15,01/11/2026 15:15
64fd0324-9bd9-4b37-943a-249492b03f08,care.church,resell,80,32,4,"Sav.com, LLC",10/10/2024 17:09,10/10/2026 17:09
a14b626d-3295-439d-8bfc-394af7b242c6,care.city,resell,80,32,4,Dynadot Inc,04/11/2022 19:28,04/11/2026 19:28
4e1e9a0d-eb83-4a31-be15-bcd64d4b51f9,care.clinic,resell,80,32,4,"Spaceship, Inc.",26/08/2015 16:00,26/08/2026 16:00
e061f5f5-33fe-45d1-8675-344b43e87b5b,care.clothing,available,80,32,4,,,
6c618dd0-7f3d-43a6-a29e-4419306820e1,care.cloud,premium,80,32,4,,,
4dca31d3-f5ff-4579-a15f-e706cca5c1d2,care.co,resell,80,32,4,Hello Internet Corp.,24/02/2010 23:16,23/02/2026 23:59
48c391ca-5dbb-4208-a4b7-ada6ff678e9f,care.company,sold,80,32,4,"Spaceship, Inc.",07/09/2016 10:20,07/09/2026 10:20
bb3f5c9c-7671-43c2-9f18-bc5ac8e87dc7,care.computer,resell,80,32,4,"Sav.com, LLC",08/06/2024 19:59,08/06/2026 19:59
e7daf61b-ba0a-4b53-83ce-592dc1095551,care.condos,premium,80,32,4,,,
41604914-71e8-40a4-ad04-3d4377ac7ff9,care.construction,resell,80,32,4,"Sav.com, LLC - 27",25/11/2024 15:15,25/11/2026 15:15
adde3f1c-bbd4-4f7d-8f55-7dad20e3b3dc,care.consulting,premium,80,32,4,,,
524f1333-17ed-48ca-b760-7079620b08be,care.contact,expiring,80,32,4,"Sav.com, LLC",06/12/2020 16:59,06/12/2025 16:59
4763bf0c-15dd-4ee7-b5fd-3d2a3ed1c93f,care.contractors,available,80,32,4,,,
d2aecbcd-db16-4016-950a-99b67d9b08a6,care.cooking,premium,80,32,4,,,
f8ea158d-f14e-4b1c-804a-06776bc6ed66,care.cool,resell,80,32,4,"DNSPod, Inc.",14/08/2020 13:08,14/08/2026 13:08
32bce2ef-6587-4159-beba-5e6e1f6ca515,care.country,available,80,32,4,,,
6e4f33bd-33d0-4588-9989-ee888f2cefc1,care.coupons,sold,80,32,4,Domain Science Kutatási Szolgáltató Korlátolt Felelősségű Társaság,25/10/2025 15:15,25/10/2026 15:15
0dc9ec73-6199-4bd9-adb3-186a27a64642,care.creditcard,available,80,32,4,,,
c5da019f-3652-4a45-b557-fe84dea5daa2,care.cricket,available,80,32,4,,,
b2fb2661-8044-4996-bfb6-3428f0241a27,care.cruises,available,80,32,4,,,
bc993dbf-a11b-49c6-afe1-da762dffc82f,care.cv,expired,80,32,4,apitestregistrar,30/11/2024 00:00,30/11/2025 09:47
a8d031f3-1319-4bf0-835b-822a2ce78216,care.cx,resell,80,32,4,CentralNic Ltd,02/12/2019 00:00,02/12/2026 14:16
353dab4f-55d2-44e3-8705-f85e583e3ac0,care.cyou,premium,80,32,4,,,
b4f9e6d3-e8c3-450f-88e7-3dca10097203,care.dad,premium,80,32,4,,,
ea27665e-cde5-4954-94a6-6fa007b6f67e,care.dance,available,80,32,4,,,
00ba2047-1e73-473c-8bf5-42ae19b0b177,care.date,premium,80,32,4,,,
afbf7328-03f0-4952-9d94-93c08d5bb479,care.dating,premium,80,32,4,,,
c13f5ce8-f969-4d67-9eb8-e1eef53582ab,care.day,premium,80,32,4,,,
34896b18-43ea-4880-b32f-c311d41200c3,care.deal,premium,80,32,4,,,
477a1d6e-70b8-486d-a2d2-6c553ba05cb5,care.dealer,premium,80,32,4,,,
770c35d9-6a17-4650-ae32-a1afbaee2d7b,care.degree,available,80,32,4,,,
0f28d547-3ce5-4fd4-aa3e-ced1bc0ca549,care.delivery,sold,80,32,4,Dynadot Inc,24/10/2020 13:59,24/10/2026 13:59
31d93de1-65be-49bc-8e98-5b31cccec412,care.democrat,available,80,32,4,,,
882f951b-4b32-410e-9ee5-3444c835270b,care.dentist,premium,80,32,4,,,
8e0462c2-af82-446d-8ae7-b2ada518bcec,care.dev,sold,80,32,4,"GoDaddy.com, LLC",21/07/2025 21:34,21/07/2026 21:34
6b9e99a6-01b1-4d43-a532-99efa90b96af,care.diamonds,available,80,32,4,,,
31e9d6a1-5a4c-49ce-942f-32ea40b0d1eb,care.diet,premium,80,32,4,,,
ec99102f-80f6-4735-ae3d-eb5eef4a3679,care.direct,expiring,80,32,4,"GoDaddy.com, LLC",13/12/2016 01:06,13/12/2025 01:06
a84c41a2-bba1-4c08-ac41-29f64ee7f9f6,care.directory,sold,80,32,4,"Spaceship, Inc.",16/06/2022 13:15,16/06/2026 13:15
c8d395c0-9bf9-421a-af89-28fb50625e77,care.discount,premium,80,32,4,,,
4af63c96-61ea-4120-9ff0-e1e70a06444a,care.diy,premium,80,32,4,,,
93451f74-c9a8-4d38-bec5-e9e47190d3be,care.domains,resell,80,32,4,"GoDaddy.com, LLC",17/07/2017 00:16,17/07/2026 00:16
60de0a99-fb2e-4956-a813-54d4a6fbbae0,care.download,premium,80,32,4,,,
a454c7b0-ff60-4db2-b0f9-f1a2f3b7b8f5,care.education,expiring,80,32,4,"Name.com, Inc.",20/09/2015 08:08,20/09/2025 08:08
e28adb65-d348-4f20-8bcb-312dc343562d,care.engineer,available,80,32,4,,,
b34ccf74-9637-432d-aaf7-bb366a669675,care.enterprises,sold,80,32,4,Porkbun LLC,15/11/2022 15:15,15/11/2026 15:15
757433bb-4e79-448c-865a-ee88cc8e8eb7,care.equipment,resell,80,32,4,"Sav.com, LLC - 3",15/04/2025 15:15,15/04/2026 15:15
b63ea3e1-fd89-41b1-8af6-66733fe4c7f3,care.esq,premium,80,32,4,,,
6961a9ca-88a6-4dba-8b72-6a3aefa196cf,care.events,premium,80,32,4,,,
8bed03b5-6459-4411-8a68-89a3b32e0948,care.exposed,premium,80,32,4,,,
5e88deee-ba56-49ef-b215-e6fa497c01cb,care.express,resell,80,32,4,Porkbun LLC,15/07/2015 16:00,15/07/2026 16:00
a44cd729-ab15-4cea-a81c-59bdc186cb78,care.fail,premium,80,32,4,,,
f4914684-7fa2-475c-9b11-70d690508085,care.faith,premium,80,32,4,,,
29e9bffe-5f6f-4b0d-89fa-fecae3df397e,care.family,premium,80,32,4,,,
0f2d8d39-1434-47e3-a644-54d6da293786,care.fan,premium,80,32,4,,,
bedf2dc5-1b9e-475e-a25f-69667ea536cd,care.fans,premium,80,32,4,,,
4738b842-5ea0-4677-8ac9-62c1867af741,care.farm,expiring,80,32,4,"Spaceship, Inc.",04/01/2023 17:01,04/01/2026 17:01
c4dca623-7fcd-4e8d-b770-6af6bbfe5d54,care.fashion,expired,80,32,4,"Spaceship, Inc.",26/09/2024 04:41,26/09/2025 04:41
289e91c7-7c60-4137-b2ff-98c61575751c,care.fast,premium,80,32,4,,,
fdfe4020-d295-48f0-9dd6-fff7458d3e9f,care.film,premium,80,32,4,,,
3dde7a36-b3f6-47d6-9218-22a14c2de70c,care.financial,premium,80,32,4,,,
bc0b2614-ae6a-46f1-b88e-41778dff882c,care.fishing,premium,80,32,4,,,
1b058655-75f3-4645-8053-cea20e3bac3c,care.fitness,premium,80,32,4,,,
7e4a8e3f-9fbd-4813-922c-3bb6227fb71d,care.flights,premium,80,32,4,,,
eba670eb-5279-409e-b68c-d5a31dbbbb7a,care.florist,available,80,32,4,,,
425bfccb-61ea-4c06-8298-a19d2242169d,care.flowers,premium,80,32,4,,,
3f2f931c-4eac-4b4f-9d6f-607219c67900,care.foo,premium,80,32,4,,,
de547eb0-6d7a-4a98-93dc-1866ebe13139,care.food,premium,80,32,4,,,
346a67c4-917e-4906-84aa-c4046f41d1f8,care.football,available,80,32,4,,,
ada266c1-14ba-4bae-bdb1-1564c9bcb389,care.forsale,premium,80,32,4,,,
3aed3eed-1503-4071-8aa9-5fe4eac2143d,care.forum,premium,80,32,4,,,
899f7e40-3d18-458a-b723-105730e63ee0,care.fun,premium,80,32,4,,,
a1e03146-c077-4a54-b539-9c1d86ecee66,care.fund,resell,80,32,4,"Xiamen ChinaSource Internet Service Co., Ltd",28/02/2025 15:15,28/02/2026 15:15
830e12f6-7c98-4ff9-9a30-f2b81eb2b570,care.furniture,premium,80,32,4,,,
1089f3de-4d21-4c1d-98f1-df9ab2632809,care.futbol,available,80,32,4,,,
0531f75d-90b5-466a-b214-a12874d56fc7,care.fyi,expiring,80,32,4,"Sav.com, LLC",24/12/2024 01:52,24/12/2025 01:52
660362f4-7b91-418d-91cc-6a671fae7c87,care.gallery,premium,80,32,4,,,
36c0ddd0-783e-4537-9b67-2d3f5a31f4c0,care.game,premium,80,32,4,,,
6e691ae2-4d12-4adf-a1e7-9db293d4fed2,care.garden,premium,80,32,4,,,
0a2a593a-876d-4a62-ad72-a1a3caebc36f,care.gay,premium,80,32,4,,,
fc5dd6ff-5dd9-4a5b-8c55-21b3e7afb651,care.gifts,resell,80,32,4,"GoDaddy.com, LLC",09/01/2016 14:51,09/01/2026 14:51
e7ac2e1b-e022-4829-ac62-6df15c27ea6f,care.giving,premium,80,32,4,,,
e18ccc27-625f-4a5f-bf72-e47a70326a34,care.glass,premium,80,32,4,,,
3db7e917-7662-406f-abfb-cfe9ac40a914,care.gmbh,available,80,32,4,,,
c6dd7743-73a5-43b7-8d51-e310db887ce3,care.gold,resell,80,32,4,"Chengdu West Dimension Digital Technology Co., Ltd.",06/03/2017 06:11,06/03/2026 06:11
06da80e0-0561-4f19-bb5f-c995a1430e6c,care.golf,premium,80,32,4,,,
ee4b52cf-f373-4255-a716-04280315921b,care.graphics,available,80,32,4,,,
038c4830-1279-48bf-99fe-e929d4a59ca6,care.gratis,available,80,32,4,,,
9c9fe64b-df30-427e-a22d-c958870d5c0a,care.gripe,premium,80,32,4,,,
c5e476a4-5073-4e61-bf44-25f45efe58a3,care.guide,expiring,80,32,4,"GoDaddy.com, LLC",29/12/2015 15:42,29/12/2025 15:42
62b65168-f195-4f95-acc5-73f7adb4ae8f,care.guitars,premium,80,32,4,,,
c4923263-df9d-4a61-87e7-45eccd294db9,care.guru,expiring,80,32,4,Porkbun LLC,31/12/2019 09:55,31/12/2025 09:55
892aee9c-9ce7-460a-8524-793744cfcc62,care.hair,premium,80,32,4,,,
4d04a409-5b6e-471c-9cf5-c2a0d96daaa8,care.health,resell,80,32,4,"GoDaddy.com, LLC",07/11/2023 20:27,07/11/2026 20:27
aa70f704-4efb-439a-b654-7d43e9d22323,care.help,resell,80,32,4,Key-Systems LLC,24/11/2017 11:53,24/11/2028 23:59
405f660d-d74c-4cb3-a11d-1a3fbeaada7f,care.hiphop,available,80,32,4,,,
7e8d812e-c077-464e-b74f-3e0c95732314,care.hiv,premium,80,32,4,,,
120daa8a-b1c4-4d66-b6a3-da2cd1e5ea83,care.hockey,available,80,32,4,,,
d5b24179-04fb-4e2d-84f9-cfe8944c1285,care.holdings,available,80,32,4,,,
4cfc9158-9573-40c9-91e4-a00bdaa5764c,care.holiday,available,80,32,4,,,
55ae1743-dd12-4cd9-aa17-cafaec59ff3e,care.homes,premium,80,32,4,,,
d27da708-2139-452c-9e08-0ed03fd35e9e,care.horse,premium,80,32,4,,,
6e15cea1-08c1-40aa-a780-515b1542d04b,care.host,premium,80,32,4,,,
d2f34cfa-bad8-4a17-a268-89af8b89ca47,care.hosting,premium,80,32,4,,,
89d2459f-2cee-4f43-b0fa-ff84b5193010,care.hot,premium,80,32,4,,,
1639e4d3-2a41-48dc-8f08-7e44414e1f0e,care.house,sold,80,32,4,"Global Domains International, Inc. DBA DomainCostClub.com",28/05/2025 15:15,28/05/2026 15:15
618cd582-c0f9-4a5f-9daf-a773c9504060,care.how,premium,80,32,4,,,
3f546f93-7e7d-4abb-942e-2543e4b362f4,care.icu,premium,80,32,4,,,
403c15e7-211c-406e-bb76-f232efd85a70,care.im,premium,80,32,4,,,
459370d4-7483-4922-8835-f9522f24a1ee,care.industries,premium,80,32,4,,,
7964e092-f405-4c3f-8110-dad774482945,care.ing,premium,80,32,4,,,
fb8a460c-ea85-4ced-af44-110dfc7bdd04,care.investments,premium,80,32,4,,,
d4b6189e-79c5-4e99-9a6b-6ebaa6a2c884,care.irish,available,80,32,4,,,
5aa4643e-528b-434a-bba1-9d3dc56c937a,care.it,resell,80,32,4,,15/09/2021 16:00,15/09/2026 00:00
efe944ac-1dca-4034-97b3-3991330b156e,care.jewelry,available,80,32,4,,,
0b716244-d179-4d94-bca3-687dad4e9b66,care.juegos,available,80,32,4,,,
08bf27aa-134e-4f29-ba68-92b7f5a7512e,care.kaufen,available,80,32,4,,,
f946c3bb-5762-4459-89a4-6dbd4a0ef1a9,care.kids,resell,80,32,4,"NameCheap, Inc.",20/10/2022 17:22,20/10/2026 17:22
08fb0c01-7a88-44e1-9637-13d13fa654c9,care.kim,resell,80,32,4,Alibaba Cloud Computing Ltd. d/b/a HiChina (www.net.cn),31/08/2019 14:48,31/08/2026 14:48
f9727e54-3094-46e8-b74b-97549f77757a,care.kitchen,available,80,32,4,,,
593e6e90-b90f-4f70-b3fe-1f5a2ff74694,care.la,resell,80,32,4,Internet Domain Service BS Corp.,02/02/2004 01:00,02/02/2026 23:59
1e4ca36b-8cc7-4b02-91ad-7bccbb99e725,care.lat,premium,80,32,4,,,
752f621f-188c-44e8-ac21-0287ecdaefad,care.law,expired,80,32,4,101domain GRS Limited,01/10/2021 14:52,01/10/2025 14:52
7696504a-feae-41c2-a049-154e63ca767e,care.lawyer,premium,80,32,4,,,
d75811c1-0d93-4245-9e27-ed62b3c53c61,care.lease,premium,80,32,4,,,
2e1b5994-4d63-46e9-aba3-3be4fa44a25d,care.lgbt,premium,80,32,4,,,
3420b5c8-e59d-4bb4-be9e-05cdd1438e22,care.lifestyle,premium,80,32,4,,,
57a38cff-df83-472f-9154-261d2b9af0d7,care.lighting,sold,80,32,4,united-domains GmbH,07/09/2021 08:48,07/09/2026 08:48
6a7bfd55-3d5e-4e03-9778-bb1232675da8,care.limited,premium,80,32,4,,,
4d68f8d4-cb19-4c7d-89ed-a40425d6c420,care.limo,available,80,32,4,,,
b88670ad-5ce4-478f-ae07-bdb532b9d33d,care.live,resell,80,32,4,Porkbun LLC,13/01/2024 21:03,13/01/2026 21:03
1dc83208-4002-4f9b-8ba4-f3404ab482cf,care.living,premium,80,32,4,,,
118eceed-760a-4413-b42e-79c3829b5716,care.llc,expiring,80,32,4,Porkbun LLC,13/12/2023 15:15,13/12/2025 15:15
2071eb4f-06e5-4375-adb4-93196e381b7a,care.loan,premium,80,32,4,,,
14b941e8-ee10-48a0-bc2d-3e29f5e0c0cc,care.loans,available,80,32,4,,,
f0491ca2-489d-4671-9659-bfac41a0c823,care.locker,premium,80,32,4,,,
c325f57b-4551-4550-8c9c-862ee5b4f750,care.london,premium,80,32,4,,,
a80149ad-071d-4712-8807-19a5081b90b8,care.love,premium,80,32,4,,,
37ac243d-4e31-4f12-af02-c6d4c245fc53,care.ltda,premium,80,32,4,,,
ecb64ffd-3a7e-4bf3-8c2a-383b857e0dcd,care.luxe,premium,80,32,4,,,
0cb51b5f-9f75-46cd-a327-465217e8c03c,care.luxury,available,80,32,4,,,
28dd65af-ce30-4d0e-9078-a68f6f101b18,care.maison,available,80,32,4,,,
a85cc647-f99c-4352-b74c-bdd39442032d,care.makeup,premium,80,32,4,,,
6f0c2706-ade5-4db0-9886-0f4e753ed7d0,care.management,sold,80,32,4,1API GmbH,24/06/2015 16:00,24/06/2026 16:00
5e2ea119-05cd-4a8f-a283-def10fb1f357,care.market,premium,80,32,4,,,
19a9eb59-fcf9-4d1e-bdaa-d8a996573d06,care.mba,available,80,32,4,,,
31344f94-bc17-4be7-8063-bb34dd2d0fe8,care.media,resell,80,32,4,"Chengdu West Dimension Digital Technology Co., Ltd.",02/09/2023 15:15,02/09/2026 15:15
a7d986e7-03df-4b23-8e91-f27c6dfaef87,care.melbourne,premium,80,32,4,,,
90e61e77-4696-4fb0-9e66-20fc1abfc272,care.meme,premium,80,32,4,,,
1e24db95-0cfc-464b-8fa6-1c5b13d60338,care.memorial,premium,80,32,4,,,
3214ca4a-a28f-433c-995e-ae5bdb3b4411,care.men,premium,80,32,4,,,
0e7cbfd0-ab73-4c48-b239-bf201f3cbb2d,care.menu,available,80,32,4,,,
4fa9fb88-091d-4754-aae9-dcc016c6c1ac,care.miami,sold,80,32,4,"GoDaddy.com, LLC",25/09/2025 00:12,25/09/2026 00:12
9647d191-5d83-4c12-98be-312eb6205559,care.mobi,premium,80,32,4,,,
52dc6d98-c4b8-41ad-9d00-d14d74cb0924,care.moda,available,80,32,4,,,
c4346162-89bb-4581-9f66-958a96912537,care.monster,premium,80,32,4,,,
9be111fd-8740-4d43-ad4f-acf9d36551f2,care.mortgage,available,80,32,4,,,
7b754c9e-9462-49d7-955c-9b6fdaeb88c4,care.motorcycles,premium,80,32,4,,,
13fb9396-4b5b-4c14-9157-f6b82b1f9f4e,care.mov,premium,80,32,4,,,
35f0edea-63e6-43e8-a7dd-219079a817ea,care.movie,available,80,32,4,,,
293f47f2-4b5d-4cdd-a907-3558a90480e0,care.music,premium,80,32,4,,,
af192a72-2861-4783-9da7-d79e1565c8d4,care.mx,resell,80,32,4,NameSilo,03/10/2009 00:00,02/10/2026 00:00
b089660c-f4d9-4937-86c6-455309143e38,care.news,premium,80,32,4,,,
afe9b4f6-c3dc-436e-8db0-a777309a7ad1,care.nexus,premium,80,32,4,,,
3c3b7f91-c1c4-40aa-8c60-3ef33b878664,care.ninja,expired,80,32,4,Porkbun LLC,04/10/2024 08:18,04/10/2025 08:18
50228b6e-c688-4b81-96f7-7d7ca1721644,care.nyc,resell,80,32,4,"Global Domains International, Inc. DBA DomainCostClub.com",11/12/2020 03:55,11/12/2027 03:55
9d8d2ab5-4dad-4108-a64b-4bbf37501f18,care.observer,premium,80,32,4,,,
28ecaa1a-f6e7-4a79-8410-e24498776935,care.one,expired,80,32,4,Key-Systems LLC,06/12/2024 07:35,06/12/2025 07:35
7b43668d-2b84-4aa3-812a-95821fe38f15,care.onl,sold,80,32,4,Dynadot Inc,28/09/2025 01:10,28/09/2026 01:10
f9133b9d-a8cc-44be-ba24-410462a33b23,care.online,premium,80,32,4,,,
d6baa8c1-8919-48c5-b070-d1338e648158,care.ooo,sold,80,32,4,Dynadot LLC,07/09/2024 11:15,07/09/2026 23:59
ccb73c92-d4ba-46cb-9edf-7a9bdb7cfec3,care.organic,available,80,32,4,,,
4546d60f-898d-42ae-8d85-af68e1da0b92,care.osaka,premium,80,32,4,,,
fcd4af02-3421-4198-a25a-083a6d47a52b,care.partners,sold,80,32,4,Dynadot Inc,28/08/2019 10:10,28/08/2026 10:10
61d8a71d-8300-4e4a-a5a9-1d53832e568c,care.party,resell,80,32,4,"Chengdu West Dimension Digital Technology Co., Ltd.",03/08/2016 19:13,02/08/2028 23:59
fc3db2b8-b661-44d1-ae96-4bbbfb9b9d19,care.phd,premium,80,32,4,,,
4e2720ca-8fb7-4463-9e66-4ec0fe19506d,care.photo,premium,80,32,4,,,
86f2e58f-8311-407e-a9a4-53f669e2aac3,care.photos,available,80,32,4,,,
e3304a2e-79f8-47ba-b9e7-528f21378daf,care.pics,premium,80,32,4,,,
c85b8764-5f89-4f2e-816e-359fde8e3c73,care.pictures,available,80,32,4,,,
55ac5fe2-ec27-4943-9459-51af2581169e,care.pink,premium,80,32,4,,,
136d9a2c-0ded-4c0c-8830-86d61df7da3d,care.pizza,available,80,32,4,,,
c2f23c6e-2470-43fc-a1e6-5a1c9c7023a7,care.plumbing,premium,80,32,4,,,
ea4e3747-a259-4dd2-b874-5304e987cc2a,care.poker,available,80,32,4,,,
e9840d23-7a5f-4139-b365-ae7bf37675f8,care.porn,premium,80,32,4,,,
b6b0f97f-fe02-4f42-9e08-5e94bb706b7e,care.press,premium,80,32,4,,,
86c0f6bb-e538-4d13-a879-ced3d8c564c1,care.productions,premium,80,32,4,,,
15b02f82-3b94-4f1b-aa92-73e105482c54,care.prof,premium,80,32,4,,,
c7082c3a-37d8-4b5a-8ccc-5e21a232544d,care.promo,sold,80,32,4,Dynadot Inc,05/12/2025 14:36,05/12/2026 14:36
1023d31a-bc29-4f6d-8b6e-f54ee9ec91f5,care.properties,sold,80,32,4,"GoDaddy.com, LLC",12/09/2018 00:17,12/09/2026 00:17
378a0885-8914-49be-9934-4fd29a9dfc49,care.property,premium,80,32,4,,,
b4fe5732-8195-4df8-b831-82f35333db2d,care.protection,available,80,32,4,,,
c657ee5c-1ec1-4ad7-a3f3-f19fc55cd887,care.pub,resell,80,32,4,"Chengdu West Dimension Digital Technology Co., Ltd.",12/03/2020 20:30,12/03/2026 20:30
2257d75a-4b65-4491-a744-1ed0e34184f2,care.pw,resell,80,32,4,"CHENGDU WEST DIMENSION DIGITAL TECHNOLOGY CO., LTD.",08/09/2017 02:31,08/09/2026 23:59
2658b10d-ee36-4167-9807-e64cffbf01a5,care.qpon,available,80,32,4,,,
963255d0-e98e-4ed0-b5e5-9d7cc9efdd21,care.racing,premium,80,32,4,,,
4bd6ef08-a00e-465b-a3e6-5d942e8a1581,care.realty,premium,80,32,4,,,
c426f704-3823-47f1-a2d9-f945773c90a3,care.recipes,sold,80,32,4,"Spaceship, Inc.",23/11/2025 21:14,23/11/2026 21:14
5441635e-3a71-4732-a8f6-b70d26b6d90c,care.rehab,premium,80,32,4,,,
1ca15036-5b83-41ee-9c29-15dc2aa4e0e5,care.reise,available,80,32,4,,,
acdfa2a0-0052-4db8-8c32-505bccfe3e72,care.reisen,available,80,32,4,,,
34155a4a-9448-424f-8575-2b36e13bd44c,care.rentals,premium,80,32,4,,,
59b03d1b-cfa5-4940-9398-06524acafa63,care.report,premium,80,32,4,,,
9632b65b-3c98-43e8-9458-f730f897fbe0,care.republican,available,80,32,4,,,
c1a21758-d333-4a8c-a06d-f5b10efaa473,care.rest,premium,80,32,4,,,
d84f9aa2-e172-4361-be72-e30e6f7bf18d,care.restaurant,available,80,32,4,,,
62fd0139-cf2e-431f-a0d8-d76056e9c40f,care.review,premium,80,32,4,,,
442b9d54-d6e9-474e-a875-d065daf42d6c,care.reviews,resell,80,32,4,"Sav.com, LLC - 14",09/11/2024 17:00,09/11/2026 17:00
8792d1c6-75e7-49cc-b75e-0f56faaf4d74,care.rich,available,80,32,4,,,
674f300b-82b7-4781-8b3a-c015e67e24d9,care.rip,available,80,32,4,,,
dbf8bda2-c8b1-4822-af66-306868ff14bb,care.rocks,resell,80,32,4,Porkbun LLC,13/07/2024 17:00,13/07/2026 17:00
3e4ecbc2-2315-41bb-9888-64a47547fc95,care.rodeo,premium,80,32,4,,,
5deb234a-dcec-4021-ac28-c37fb62416e9,care.rsvp,premium,80,32,4,,,
34f1186a-f3ac-428e-800e-09bd6f27175e,care.sarl,available,80,32,4,,,
d7d3f38d-e431-4596-afb3-abcf79cb7530,care.sbs,premium,80,32,4,,,
258408a1-df6f-4de1-b376-00834233ba86,care.school,resell,80,32,4,"Xiamen ChinaSource Internet Service Co., Ltd",11/03/2022 13:15,11/03/2026 13:15
b1389d25-8088-41d5-b74a-bc9738e60279,care.schule,available,80,32,4,,,
7450fbbb-be2e-47c3-8d56-8c0eccab12a4,care.science,resell,80,32,4,Porkbun,21/03/2022 15:51,21/03/2026 15:51
f6f5a4a0-b34f-4832-bcb3-dfeaa8bf653d,care.security,available,80,32,4,,,
48bd3590-af59-4c68-8c95-8ab7b7a60c31,care.services,premium,80,32,4,,,
0aa9fbe4-10b6-4328-996f-11bb2bee3372,care.sexy,premium,80,32,4,,,
f5fee52e-8e0d-4603-a3ce-a206f68e437f,care.shiksha,available,80,32,4,,,
697c10f5-170b-4a21-97c0-d0a8a2eeecdb,care.shoes,available,80,32,4,,,
e39657e2-fba3-4642-bfd3-b671540b0bcc,care.shopping,premium,80,32,4,,,
a589e8b6-f613-4697-a3be-5d89d7013709,care.show,resell,80,32,4,"Chengdu West Dimension Digital Technology Co., Ltd.",06/03/2017 06:46,06/03/2026 06:46
a3a1e8c9-a70c-42cd-9752-dd0b3f1291b2,care.singles,available,80,32,4,,,
42fa59ca-92fd-4fd7-9521-7edb94a4e69c,care.ski,premium,80,32,4,,,
eebffb9d-ed80-49d7-a60d-21e28dc87ba2,care.skin,premium,80,32,4,,,
f65feb55-139e-4c49-8a00-acbaa3e2e15a,care.soccer,available,80,32,4,,,
c0e86d60-a5ca-44e2-a766-1454c5278816,care.social,expiring,80,32,4,Unstoppable Domains Inc,03/01/2024 15:15,03/01/2026 15:15
a1cd320a-57c5-4586-896d-b4eee2ecb620,care.solar,premium,80,32,4,,,
0d253372-8404-483e-be47-70147e8b9f9e,care.solutions,resell,80,32,4,"Spaceship, Inc.",23/03/2014 16:00,23/03/2026 16:00
09e0536f-7bb6-4c69-bdb7-882770f1727d,care.soy,premium,80,32,4,,,
4039da5f-bced-4474-8513-90d505999c88,care.space,premium,80,32,4,,,
535f20be-f77e-4742-ba55-315699166116,care.spot,premium,80,32,4,,,
49695528-460c-4d30-a1c7-884a0170c462,care.srl,available,80,32,4,,,
5c7c012e-4e5e-466b-8269-29b04c397d93,care.storage,available,80,32,4,,,
b74728a5-5fb1-4d99-80c3-83b09c123d54,care.store,premium,80,32,4,,,
12b5c6dc-ea03-4adf-9760-f0c36ec78521,care.sucks,premium,80,32,4,,,
b8fdb93e-96f2-45e1-9e73-32d82049726f,care.supplies,premium,80,32,4,,,
6496b4ed-9469-410b-8970-cbc36c8f6b52,care.supply,premium,80,32,4,,,
4dbeba7c-a612-417e-8c00-f51bc3217f6d,care.surf,available,80,32,4,,,
478920a0-f3d9-44a0-a712-dab7ec55bac3,care.surgery,premium,80,32,4,,,
97315225-3d7f-4415-b7f0-971bbdda0dbe,care.sydney,premium,80,32,4,,,
fba4549d-cca7-47fd-8c2f-f7f01e82712a,care.talk,premium,80,32,4,,,
c87e04c2-d99a-4c3d-9986-b11e1a4aba1e,care.tattoo,premium,80,32,4,,,
f2e8de43-f660-4920-a039-2fe63b3e523e,care.taxi,resell,80,32,4,"Sav.com, LLC - 9",12/07/2025 15:16,12/07/2026 15:16
ee07a728-2c43-471a-a0df-e6c12574659e,care.team,resell,80,32,4,"Chengdu West Dimension Digital Technology Co., Ltd.",15/10/2016 23:54,15/10/2026 23:54
623fba3d-ff08-44bd-94e1-b3989cd32a4a,care.technology,resell,80,32,4,"Sav.com, LLC",28/10/2016 20:05,28/10/2026 20:05
862174c9-c1af-4136-ab52-11924b2c0070,care.tennis,available,80,32,4,,,
811deec4-e1d6-42e6-bee2-9ee1e89b1824,care.theater,available,80,32,4,,,
998426af-3358-43d3-9289-d2b4aec25427,care.theatre,available,80,32,4,,,
6a1175c7-bec0-4de2-a723-173696e0da49,care.tickets,premium,80,32,4,,,
04fddcac-9a40-4b81-b286-494e8cab9465,care.tienda,available,80,32,4,,,
45f3a96f-fb9a-4aa1-ad8f-6a501d26d994,care.tips,premium,80,32,4,,,
9f304825-a9ad-41e0-a2a9-124b7f1af0a3,care.tires,available,80,32,4,,,
486df0ac-b58f-420b-ab36-d23e7a660404,care.tools,resell,80,32,4,Porkbun LLC,24/02/2020 23:19,24/02/2026 23:19
8ff5d9c2-62e6-40e8-94f5-1f67dd6ae2be,care.top,premium,80,32,4,,,
99dbbb7d-30a7-425e-a074-161b45997d6f,care.tours,sold,80,32,4,"GoDaddy.com, LLC",04/09/2025 19:27,04/09/2026 19:27
48585853-e5f8-4aea-9752-7bd7fde05f6a,care.toys,sold,80,32,4,Domain Science Kutatási Szolgáltató Korlátolt Felelősségű Társaság,25/10/2025 15:15,25/10/2026 15:15
e1664ee7-33ba-41b6-ac2a-76588964ea0f,care.training,sold,80,32,4,"Global Domains International, Inc. DBA DomainCostClub.com",22/09/2025 15:15,22/09/2026 15:15
88948941-75e4-4d26-807b-fb3be44bc145,care.tube,expired,80,32,4,"Latin American Telecom, LLC",08/11/2017 19:27,08/11/2025 19:27
7aac507d-f4ed-46e9-9d56-9c34aef05422,care.tv,expiring,80,32,4,Dynadot Inc,26/12/2010 09:33,26/12/2025 09:33
f61e7d96-5f7f-448b-9bc7-ad21c5e0867a,care.uno,premium,80,32,4,,,
ba940d8c-b7b4-4d92-bd8f-290bec353d78,care.vana,available,80,32,4,,,
4622e8eb-1670-44cc-9c2a-2e1a5f7d70f3,care.vc,resell,80,32,4,"Name.com, Inc.",25/03/2020 07:01,25/03/2026 07:01
b9d2b15c-226e-4b4a-a656-7fc99359d0bf,care.vegas,premium,80,32,4,,,
3447d4d6-be78-41b2-bda1-a2a396f549b6,care.ventures,sold,80,32,4,Dynadot Inc,02/07/2022 13:15,02/07/2026 13:15
daf71455-d90c-4fbd-bd54-ca465b97fb0e,care.viajes,available,80,32,4,,,
2f55785e-daf9-4fdb-996e-30a6936a13f6,care.video,resell,80,32,4,"Chengdu West Dimension Digital Technology Co., Ltd.",24/07/2021 08:23,24/07/2027 08:23
172f5236-a1a1-486b-b0c3-80f16ed87f8a,care.villas,premium,80,32,4,,,
c0bc8f3e-eea1-40a0-8398-86b7f6247277,care.vodka,premium,80,32,4,,,
443f9bdc-a36c-4728-b54e-ae5710cc5bba,care.voting,available,80,32,4,,,
03466eef-a761-469a-a571-a8a134cc256e,care.voto,available,80,32,4,,,
8cd287d0-aad1-49a3-97f8-ebc34c897ddf,care.watch,sold,80,32,4,"GoDaddy.com, LLC",26/09/2024 17:53,26/09/2026 17:53
a95a4bc2-9e36-4f52-996b-1d94a58927ad,care.webcam,premium,80,32,4,,,
30285a9b-c716-4873-8bb2-fdf19e6ad42f,care.website,premium,80,32,4,,,
2084115c-2d87-4cca-a8c9-aa8a9a428635,care.wedding,premium,80,32,4,,,
37c048d3-5369-4995-87b1-9f678eccea7c,care.wiki,premium,80,32,4,,,
15fc5440-e784-4591-91ee-0392e86ec01b,care.win,premium,80,32,4,,,
eabeb81d-7b56-4498-a5cf-45a66453e273,care.xyz,expiring,80,32,4,"Sav.com, LLC",17/12/2021 23:36,17/12/2025 23:59
c46121f1-9213-4f8a-81b5-9d3feb8b5b50,care.yachts,premium,80,32,4,,,
a69dfe88-c96c-4461-ab6a-0a7695cf6786,care.yoga,resell,80,32,4,"Sav.com, LLC - 7",14/11/2025 00:00,14/11/2026 00:00
e3036274-5e2f-42cb-a4ab-8b7a8c1d044c,care.you,resell,80,32,4,"Spaceship, Inc.",07/10/2025 00:59,07/10/2026 00:59
4045b68d-c273-4d9d-a180-8b6a09551aa5,care.zip,premium,80,32,4,,,
a6e3bc1e-edaa-4fb8-9f9f-42bb2a51508b,care.ac,sold,80,32,4,"Spaceship, Inc.",27/09/2012 16:51,27/09/2026 16:51
d1df24f6-ecab-4911-9c41-e343ae7f208e,care.academy,expired,80,32,4,"Global Domains International, Inc. DBA DomainCostClub.com",30/09/2020 23:20,30/09/2025 23:20
13816251-bb96-4c8a-a844-42285ef49b36,care.accountant,premium,80,32,4,,,
93e1d951-21aa-4e94-b2d6-9a3d2fb405e7,care.accountants,available,80,32,4,,,
8adcb37b-82af-483c-9e84-d6d1b6108673,care.actor,available,80,32,4,,,
21103835-16e9-4f43-beca-4dbc45b62b2b,care.adult,premium,80,32,4,,,
15116759-63ac-468d-b950-21244bd3d74d,care.archi,available,80,32,4,,,
ad8ab630-31f9-4fef-9463-a5ceace98c4c,care.art,premium,80,32,4,,,
4c057ebc-de47-4748-979c-b9d7549e8651,care.attorney,premium,80,32,4,,,
e5525ed7-f2cb-419e-ae07-d79a2577dc09,care.audio,premium,80,32,4,,,
29b96fa0-b0f6-4e0f-86a7-7d3496a37662,care.auto,available,80,32,4,,,
50d68adc-ccd5-428e-bb31-a181f558afce,care.autos,premium,80,32,4,,,
03ec5859-c22b-4067-95ce-3064082f815b,care.baby,premium,80,32,4,,,
696f725c-557e-407e-8c2d-1cc6bbb0bbd6,care.bar,premium,80,32,4,,,
4f899abc-8bf3-4771-8b1d-88564ed672ea,care.bargains,premium,80,32,4,,,
351c9033-a758-420c-951d-0423061e0d5a,care.bayern,expired,80,32,4,IONOS SE,24/10/2023 13:59,24/10/2025 13:59
b8fe0500-698a-4875-a63e-b1336c07d843,care.beauty,premium,80,32,4,,,
2b9497c9-bad4-4d0d-aac9-8d229f734265,care.beer,available,80,32,4,,,
6e2c0220-4477-4044-92fe-613085746a40,care.berlin,available,80,32,4,,,
7ae494c4-1c42-4555-a9b3-0fc305e90978,care.best,expired,80,32,4,Namecheap,27/06/2024 22:01,27/06/2025 23:59
13c6c9ea-71a1-440a-9315-9b92f5dbdc50,care.bet,resell,80,32,4,Porkbun LLC,01/06/2023 14:48,01/06/2026 14:48
0dbad187-5bad-4e41-9b3e-afe26e428f88,care.bid,resell,80,32,4,Porkbun,27/07/2019 03:11,27/07/2026 03:11
d93936a4-2752-4702-a36c-02d4e932684a,care.bingo,available,80,32,4,,,
9a5357db-428f-4352-a0e9-99d9fee67e76,care.bio,resell,80,32,4,Vautron Rechenzentrum AG,09/09/2014 17:46,09/09/2026 17:46
f9cfcca0-0da0-4d7f-aa23-827a8d459b1b,care.black,resell,80,32,4,"Xiamen ChinaSource Internet Service Co., Ltd",07/11/2024 17:00,07/11/2025 17:00
a6bae29f-da9e-40dd-91a3-a9294e2c897c,care.blackfriday,available,80,32,4,,,
6ddf6a3f-ceed-4c05-af3b-b5947e882b20,care.blog,premium,80,32,4,,,
69b8cc36-1736-4d99-9245-141d9ec4b475,care.blue,premium,80,32,4,,,
80f897b3-a949-4c59-af96-2b6369f838d9,care.boats,premium,80,32,4,,,
a9bd2afd-e4e3-4d8f-9674-ad16824a93f8,care.boo,premium,80,32,4,,,
2c5d288c-7da2-485e-b2bb-298bc815cec7,care.bot,premium,80,32,4,,,
0a5b9ff4-62ea-4fed-839e-05b475a7a782,care.boutique,resell,80,32,4,"Spaceship, Inc.",08/08/2025 07:58,08/08/2026 07:58
70dbb89f-d9c1-4400-bc33-de45f21895ed,care.build,premium,80,32,4,,,
5305d9a9-81e2-4f8d-92d1-12c6dc99f716,care.buzz,premium,80,32,4,,,
c8d02bdb-037b-4375-8814-7fd25565f0a0,care.bz,premium,80,32,4,,,
a85dc32a-570b-4def-b50f-7604057063cd,care.cam,premium,80,32,4,,,
0083d0c8-611e-4439-9ec8-9ad167b1328c,care.camera,available,80,32,4,,,
ec540d8b-d458-4d0a-9440-8537ab4a9c76,care.camp,resell,80,32,4,"Sav.com, LLC - 6",16/05/2025 15:16,16/05/2026 15:16
0a16e973-77dc-4240-b792-95429d87a1c0,care.capital,resell,80,32,4,Dynadot Inc,16/04/2025 09:46,16/04/2026 09:46
191afe71-26dc-4ee7-a763-f7f9f1721c48,treatment.download,available,78,14,9,,,
666144ea-a317-4a50-ae7a-6fd29133864d,treatment.earth,expiring,78,14,9,"GoDaddy.com, LLC",22/12/2019 08:01,22/12/2025 08:01
cc151ac9-4103-4ec0-8e37-6a73c4f29c28,treatment.education,available,78,14,9,,,
8a37cac4-d265-414d-b741-503ab8bc0cc9,treatment.email,available,78,14,9,,,
7d2d33f9-2559-49f4-bada-3c4ef011c49b,treatment.energy,available,78,14,9,,,
48bbbfa3-8734-49d0-b539-00f10c35fb04,treatment.engineer,available,78,14,9,,,
826295b6-9988-4c84-af71-0b65b10ea020,treatment.engineering,available,78,14,9,,,
85ce2c62-4e66-44d1-9d2d-51450c6b3629,treatment.enterprises,available,78,14,9,,,
b16c85e9-c488-4a01-8bd2-828eb2987205,treatment.equipment,premium,78,14,9,,,
e2b44c7b-9e19-44ca-a12b-4c678511603b,treatment.esq,premium,78,14,9,,,
ae164bc7-1891-4b92-bea7-87fb58581d2b,treatment.estate,available,78,14,9,,,
2f78a003-ba5d-4ca6-8050-a6a832218695,treatment.events,available,78,14,9,,,
0bfe9776-d9e7-4fb2-9d3d-2afebd690582,treatment.exchange,available,78,14,9,,,
fc65ee3b-bac9-4531-bc4f-64b3e79ee945,treatment.expert,premium,78,14,9,,,
8ceb03b5-e3a2-4d6f-8f7e-937d000ebe90,treatment.exposed,available,78,14,9,,,
17c6c434-81f7-4500-b09c-408dd0918c56,treatment.express,available,78,14,9,,,
31d8fab6-d61e-48aa-8545-ebf03106138f,treatment.fail,available,78,14,9,,,
0b1b28ac-99bf-4da5-80fd-760856debd73,treatment.faith,premium,78,14,9,,,
81a86e48-2e56-4172-93fb-8ff0095005bc,treatment.family,premium,78,14,9,,,
c89fc34f-157a-4c12-9b6d-0220b3d08d9f,treatment.fan,available,78,14,9,,,
7e893993-69e8-4805-89ae-f75b1847ae6f,treatment.fans,premium,78,14,9,,,
a2c40b58-956b-42b0-b466-ec48907b88b0,treatment.farm,available,78,14,9,,,
8809088e-4a6f-418c-94e7-eab860a250c6,treatment.fashion,available,78,14,9,,,
fed98bf8-99cd-4c1a-a662-88d27f0375c4,treatment.fast,premium,78,14,9,,,
82eab785-1765-4404-ae82-44c56711ba6a,treatment.film,premium,78,14,9,,,
e7de8101-53ba-4407-a348-f7efe47df4d4,treatment.financial,available,78,14,9,,,
e2f351f1-c1ba-40e9-a32a-38dbb6a01144,treatment.fish,available,78,14,9,,,
b3223a39-0e32-4876-9617-45d7f29d65e6,treatment.fishing,available,78,14,9,,,
9d0cbd83-b504-4141-bc72-edde2f888493,treatment.fit,premium,78,14,9,,,
e4f03122-fcbb-4a11-9e19-e0e820ea6a00,treatment.fitness,available,78,14,9,,,
2994ee81-fbc9-4e56-ac5f-292051ee2f55,treatment.flights,available,78,14,9,,,
44d7eb89-247f-49dd-987c-c69c0866a18c,treatment.florist,available,78,14,9,,,
12d26f66-744f-4e31-b287-1838603344aa,treatment.flowers,available,78,14,9,,,
794630ea-aecb-4bab-be88-038c4061a815,treatment.fm,available,78,14,9,,,
2817c6b8-7209-441a-84b7-30aec8789df4,treatment.foo,premium,78,14,9,,,
5d550a6f-4b2c-4ab8-8c6a-db15eb7b04cb,treatment.food,available,78,14,9,,,
4cef0aaa-4971-466d-9075-aa279bd86293,treatment.football,available,78,14,9,,,
560ad931-d87e-4be3-aa51-415d5a819791,treatment.forsale,available,78,14,9,,,
820d46e3-7f78-4388-9fc1-b7ff4e78bb2f,treatment.forum,available,78,14,9,,,
ffc18b01-9711-4e75-bdfd-1ef4d7d0e755,treatment.free,premium,78,14,9,,,
a37bd6a4-53b0-44a7-8b3e-a31f8f08a3dc,treatment.fun,resell,78,14,9,Alibaba Cloud Computing Ltd. d/b/a HiChina (www.net.cn),20/04/2024 22:36,20/04/2026 23:59
e1873785-efc6-4638-b958-8c525adfe9c5,treatment.fund,available,78,14,9,,,
f48cec0c-f932-4f9e-a40f-36851d5bff42,treatment.furniture,available,78,14,9,,,
d8d2b8e6-bda0-4fee-b102-1e06b4f30dc9,treatment.futbol,available,78,14,9,,,
ac969a5b-dd4e-44ba-9aad-278bc35c98cf,treatment.fyi,premium,78,14,9,,,
75e8915d-7279-4408-8bd4-112ece21cf06,treatment.game,premium,78,14,9,,,
7e396a49-f122-4b40-ad9a-8f8e7c74a737,treatment.games,available,78,14,9,,,
0ede82d2-dfe3-4905-8a9a-ed8c0b29e651,treatment.garden,available,78,14,9,,,
5bb2d137-7414-4f1b-9ed3-197e7cabcfe6,treatment.gay,premium,78,14,9,,,
59942a5c-8567-4198-b3c7-8dd9d516283c,treatment.gg,available,78,14,9,,,
52065562-88d7-4bd5-bfdc-971d88ddf425,treatment.gift,available,78,14,9,,,
c3037493-5f98-4a97-a21a-1ce62fa30f8c,treatment.gifts,available,78,14,9,,,
9515d212-f3a6-4244-afc8-4d3c32709cae,treatment.gives,available,78,14,9,,,
9af3a4ad-251e-4313-abd2-75d683314ea4,treatment.giving,available,78,14,9,,,
5711da6c-0020-4617-87b9-3249865e5918,treatment.glass,available,78,14,9,,,
d5555570-95ad-4b8f-9018-90d6bb1c32b4,treatment.global,premium,78,14,9,,,
0f2e9827-7c82-4634-8a33-6770743167d7,treatment.gmbh,available,78,14,9,,,
1b44a320-c33b-41b0-a2b2-ec1f2a698554,treatment.gold,available,78,14,9,,,
fad59725-15bf-4376-83d5-6eb93cb2cd53,treatment.golf,available,78,14,9,,,
c6981c0a-64d1-4cf2-9713-2403961c62d0,treatment.graphics,available,78,14,9,,,
c8b3417f-00e7-4a56-b835-ff9592c4b7f9,treatment.gratis,available,78,14,9,,,
98f7c3a6-f878-4781-97eb-00633aa6064c,treatment.green,available,78,14,9,,,
55fb76ad-e238-4e7b-9c5e-4af54170ee2a,treatment.gripe,available,78,14,9,,,
75449e3f-22ea-425b-9d0a-6c850cdddd7c,treatment.group,resell,78,14,9,"Xiamen ChinaSource Internet Service Co., Ltd",09/06/2024 15:15,09/06/2026 15:15
e6d39202-198b-4c5b-99f0-c7e76ccc36d5,treatment.guitars,available,78,14,9,,,
65109703-8de9-40f4-a28b-f518509180b1,treatment.guru,available,78,14,9,,,
c8ee4bcb-edd0-4f1c-ad8d-76dafb6e2990,treatment.hair,premium,78,14,9,,,
bc668369-9c9e-401c-8564-13a1454798cc,treatment.haus,available,78,14,9,,,
52c368e0-4342-4cc6-9dbe-68feb52c234d,treatment.health,premium,78,14,9,,,
348a81db-0be2-41f1-a8a7-a585813a4c0d,treatment.healthcare,available,78,14,9,,,
9fcb60cd-3aea-4b70-9073-a1cb5a809245,treatment.hiphop,available,78,14,9,,,
f73206de-d776-40e5-b0d5-57e9bbec61fd,treatment.hiv,premium,78,14,9,,,
5a4246df-aece-4b1a-9468-6ee6f2abe35b,treatment.hockey,available,78,14,9,,,
7a629e8a-19b0-4476-8568-ed2d348afaa9,treatment.holdings,available,78,14,9,,,
2d80e138-a495-471d-9bd3-1f4c28820298,treatment.holiday,available,78,14,9,,,
2e3ac4d6-5de4-41d3-a9a9-b527fc299a6e,treatment.homes,premium,78,14,9,,,
f06c7789-1b58-4aeb-a169-426f3471693c,treatment.horse,available,78,14,9,,,
76fa38a0-44d4-4a13-b576-1e3c4a8ff1c1,treatment.host,premium,78,14,9,,,
e4e7eb68-2ca0-476b-a480-0e3f8101fca5,treatment.hosting,available,78,14,9,,,
3b18180f-f5df-47d9-a898-16d0aaa2dba3,treatment.hot,premium,78,14,9,,,
c20ab158-7c0a-43cb-944a-7ce5c6c14b90,treatment.how,available,78,14,9,,,
4195194d-c57e-4d3a-b67d-1b4ed84611d8,treatment.id,expiring,78,14,9,PT Aksara Data Digital,16/12/2024 15:15,16/12/2025 23:59
2ff0ee6a-070a-4e88-879f-033ce9922c4a,treatment.im,premium,78,14,9,,,
26661c40-14fe-4c0d-be92-2f237aeca6fd,treatment.immo,available,78,14,9,,,
522358c1-8f3f-4b93-8a49-0e12e338e5b1,treatment.immobilien,available,78,14,9,,,
c983ff25-f858-4cd4-b9ed-93dbfb0f982d,treatment.inc,premium,78,14,9,,,
1d36e939-2745-4306-a937-d056b6344ce7,treatment.ing,premium,78,14,9,,,
86722dd1-5ebe-4947-aad4-14652068587a,treatment.ink,available,78,14,9,,,
49e69a45-6d58-4c45-98ed-9875dc49831a,treatment.institute,available,78,14,9,,,
5d5ffef4-cec9-4e53-98b5-a86225642eb4,treatment.international,available,78,14,9,,,
57f094da-dd93-404c-8944-480eec3e7399,treatment.investments,available,78,14,9,,,
608ab27f-8b8e-4e50-8f51-9c9dc74b6e15,treatment.irish,available,78,14,9,,,
81463c3e-a5d2-4071-8cb5-550c60c49442,treatment.it,sold,78,14,9,,18/11/2024 09:00,18/11/2026 00:00
c66f2d62-f01b-4c58-8f6e-b6fc934dc3b1,treatment.jetzt,available,78,14,9,,,
f53a0fa7-82f4-4ddb-b3a7-40d3e054783d,treatment.jewelry,available,78,14,9,,,
478f3cf3-cdb6-430b-a221-3cb277bd48a9,treatment.juegos,available,78,14,9,,,
ceab8163-6803-4556-9d1b-28e3db89f2d0,treatment.kaufen,available,78,14,9,,,
1d35bf99-f6c5-41fe-a855-fd12c2b744b1,treatment.kids,premium,78,14,9,,,
872e2a4d-5cd3-4d92-8da9-ec12f57bc1b6,treatment.kim,available,78,14,9,,,
8fc5c045-f4f0-4919-8c53-9ea772cd3b42,treatment.kitchen,available,78,14,9,,,
83e7892a-87f5-4d9a-9f30-4854ea44802d,treatment.la,resell,78,14,9,.LA Premium Names Program,06/03/2025 20:02,06/03/2026 23:59
d5adeb86-df8e-4678-9f2c-6e0e471f4cef,treatment.land,available,78,14,9,,,
4e251a07-224e-4bc8-b160-75f17f08dc87,treatment.law,available,78,14,9,,,
256b5f6f-7c63-411d-9357-ccc6019f3383,treatment.lawyer,available,78,14,9,,,
c99f2b7b-9924-4db3-9636-d2bbeb9cd12c,treatment.lease,available,78,14,9,,,
98a111e8-1493-4c44-878d-6b155496eaf7,treatment.legal,available,78,14,9,,,
056c7d71-0062-4fc6-b12d-a6f554364db2,treatment.lgbt,available,78,14,9,,,
78744b36-1829-4487-9518-ece1af3f5f66,treatment.lifestyle,available,78,14,9,,,
4281fbd3-a46a-4f82-8054-7b26cdf1df5d,treatment.lighting,available,78,14,9,,,
08b5cad0-609c-405e-8e8b-a44360dc80c7,treatment.limited,available,78,14,9,,,
bc9c5ee6-d3bc-4ac7-8a29-fcab967b553e,treatment.limo,available,78,14,9,,,
bfee27bd-740f-401b-9a5a-393bb11ba61d,treatment.link,premium,78,14,9,,,
d54fba6d-4cd5-4fe4-8513-4aa8dcd8d027,treatment.live,resell,78,14,9,Dynadot Inc,17/01/2019 01:40,17/01/2026 01:40
f98345db-3083-459d-82fb-1bc7152b86e9,treatment.living,available,78,14,9,,,
3e54943b-6d41-4820-88fc-645cb0de43f3,treatment.llc,available,78,14,9,,,
b29f7f1d-ee99-4d8d-a26d-ac8a631ccaf4,treatment.loan,premium,78,14,9,,,
08826170-5bb1-4f21-a3f1-c8605ef93d3a,treatment.loans,available,78,14,9,,,
8074e85f-232e-47d7-97ba-052006fb61c3,treatment.locker,available,78,14,9,,,
479294cf-d719-4ab4-a9be-bb401dbbbd7c,treatment.london,premium,78,14,9,,,
40945bc8-447d-4990-9961-d48cf86bbeec,treatment.love,premium,78,14,9,,,
0cfdcbf4-930a-49c7-9712-eca7c2e3b809,treatment.ltd,available,78,14,9,,,
88f1cd03-dbe6-4ed5-a9a4-b7f3c0535cc6,treatment.ltda,available,78,14,9,,,
fd83e9a6-6c0b-40b3-a635-c0e569cb1c82,treatment.luxe,available,78,14,9,,,
bd76c593-7107-4edc-a401-4e5e7bb42790,treatment.luxury,available,78,14,9,,,
0327e928-68ed-4b58-b215-355ad6d8f870,treatment.maison,available,78,14,9,,,
515d328b-e58b-40cc-978e-4407783f5e9c,treatment.makeup,premium,78,14,9,,,
e4b2f4ae-786a-4adc-9bda-c1e41dbad223,treatment.management,available,78,14,9,,,
99b59517-f945-4ccd-9e39-8b6161fb9175,treatment.market,available,78,14,9,,,
4702fd65-7f67-464a-8c45-082773d008a0,treatment.marketing,available,78,14,9,,,
134408c7-39ae-4399-86af-b626f11aaa14,treatment.mba,available,78,14,9,,,
f1952bdb-bc95-4765-b52f-cf0844530096,treatment.me,resell,78,14,9,Dynadot Inc,18/07/2008 05:45,18/07/2026 05:45
7608c14f-ca13-42ba-9a51-0ddf44ddec5a,treatment.media,available,78,14,9,,,
b252c489-ae43-482e-88a0-f8efeadf065e,treatment.melbourne,available,78,14,9,,,
354a76c6-900b-4e80-9bc2-c241d0a42a63,treatment.meme,premium,78,14,9,,,
6a27dd15-1846-4c16-b63f-bd5e4501ae75,treatment.memorial,available,78,14,9,,,
55876bbb-f2c4-41c5-8709-742b721a4446,treatment.men,resell,78,14,9,"Chengdu West Dimension Digital Technology Co., Ltd.",27/01/2017 15:38,27/01/2028 15:38
5172b286-abca-4b78-ad5d-f681461b2148,treatment.menu,available,78,14,9,,,
81cb1170-83fe-428a-a56b-d6a918c256b7,treatment.mobi,available,78,14,9,,,
10c25811-af53-4cfe-88cd-48fcb3616a1a,treatment.moda,available,78,14,9,,,
78eca6ae-99a3-4624-8516-6927ed9f33ce,treatment.moe,available,78,14,9,,,
60b64374-de81-40f6-befc-b425c61183e6,treatment.mom,premium,78,14,9,,,
08b263ae-1af0-49d9-9fcd-c2d19f7fa166,treatment.money,available,78,14,9,,,
d19c30a3-cb27-4ab1-a21b-e71ba47441d8,treatment.monster,premium,78,14,9,,,
950e41fb-c42f-447e-a1b0-5d6bb8f53028,treatment.mortgage,available,78,14,9,,,
83f25950-16c9-4155-9ec8-f25686bc7e34,treatment.motorcycles,premium,78,14,9,,,
aaa9e339-aaf2-47f6-9344-90053d8c9f51,treatment.mov,premium,78,14,9,,,
60b02948-198d-4d89-a557-d688f5c219c9,treatment.movie,available,78,14,9,,,
7e8a55d7-3ceb-4ade-854d-5c220262e12f,treatment.music,premium,78,14,9,,,
50d37065-94e1-4cd7-93a6-c426aac40f9c,treatment.mx,available,78,14,9,,,
3abe2ea8-9118-433e-82fe-56646b677417,treatment.my,resell,78,14,9,"Dynadot, LLC",24/08/2024 13:27,24/08/2026 13:27
2b3e29de-78f3-46b7-91ad-b91f043053cd,treatment.name,available,78,14,9,,,
8d7c18ba-6281-4d0c-917a-5db564be3a0b,treatment.navy,available,78,14,9,,,
67335659-31f7-4c61-ac15-87d90a96744c,treatment.network,resell,78,14,9,"Sav.com, LLC - 23",21/01/2022 13:15,21/01/2026 13:15
c1bd4e77-4aae-4b15-90c6-b77a5f463aef,treatment.nexus,premium,78,14,9,,,
19437e67-fec4-4b3a-a82d-04af281dfe49,treatment.ngo,premium,78,14,9,,,
6c18193d-3d68-4751-8616-1745470e9793,treatment.nyc,premium,78,14,9,,,
7791c80f-9c57-4562-9a4c-9bc5c06328a3,treatment.observer,premium,78,14,9,,,
a1d527e0-6576-4087-983e-ee88327d58f3,treatment.one,premium,78,14,9,,,
52b19db9-78fd-4f74-abea-589af4b694c5,treatment.ong,premium,78,14,9,,,
9a94f826-811c-4215-a555-1088d84fa607,treatment.onl,available,78,14,9,,,
885d2615-daf5-4a1a-b32a-aaedca31c065,treatment.online,premium,78,14,9,,,
87987fcc-9c13-431e-8476-ad8782aa3834,treatment.ooo,available,78,14,9,,,
ac474ae5-a426-4f4b-b981-a8000cd8d13a,treatment.organic,available,78,14,9,,,
35077d3b-f565-4318-8b10-d6042a710bf6,treatment.osaka,available,78,14,9,,,
5792e5d5-615e-4ec8-9863-deaa04fcce5d,treatment.page,premium,78,14,9,,,
d66c7252-d833-45b6-ba82-e9ac178bf4eb,treatment.partners,available,78,14,9,,,
b1169149-ee51-43ff-9cd6-1f37eb55b827,treatment.parts,available,78,14,9,,,
f1a5af3c-278f-4de7-b4b6-f0ab84cd2d87,treatment.party,premium,78,14,9,,,
8259446e-4616-4194-82eb-fbbb228e97cf,treatment.phd,premium,78,14,9,,,
95bc3fcf-3e89-4ef2-9140-2d1473d3b9d6,treatment.photo,premium,78,14,9,,,
09c679dc-1dd5-4d70-9430-dc978b0ff096,treatment.photography,available,78,14,9,,,
25e2f5e4-aaa2-4d48-8b08-88c0c692d2b5,treatment.photos,available,78,14,9,,,
72cec423-24b7-4fbd-b919-0f625001d800,treatment.pics,premium,78,14,9,,,
68433f8c-7a07-4629-a059-40088b38327f,treatment.pictures,available,78,14,9,,,
e445a865-da74-4228-8acc-80df8e487dee,treatment.pink,premium,78,14,9,,,
b0e8b1c7-0734-48c3-90e7-9fff9e4428f9,treatment.pizza,available,78,14,9,,,
1dde45ac-711e-4dc4-ba84-932ac65231e9,treatment.place,available,78,14,9,,,
c9e557b9-0fe1-4f49-876f-e2e47ed04a65,treatment.plumbing,available,78,14,9,,,
c6afb86f-ca4d-4ea2-aea0-d263b1db9657,treatment.poker,available,78,14,9,,,
23a94ac0-1bd3-4c18-9e32-55d3b058590a,treatment.porn,available,78,14,9,,,
c7a55367-f2ee-4098-888d-e4457f759692,treatment.press,premium,78,14,9,,,
a510ae12-83ef-4707-a66d-c69926a98554,treatment.productions,available,78,14,9,,,
eea32d3e-0171-4484-89ef-cd55410542ac,treatment.prof,premium,78,14,9,,,
e118dd1b-f5c6-4261-ae09-4568fb122922,treatment.promo,available,78,14,9,,,
067f3a80-681f-459d-beeb-966a7a7a76d5,treatment.properties,available,78,14,9,,,
f091ec0d-4d8d-4048-8b34-eb1ac1bdae7f,treatment.property,premium,78,14,9,,,
b06caba3-065e-4450-9f6c-e7ea3dde5a8e,treatment.protection,available,78,14,9,,,
a5233877-5a77-4d81-baee-b6f1101ff82c,treatment.pub,available,78,14,9,,,
8ed9b69e-9461-4072-b249-4027844ae6e7,treatment.pw,premium,78,14,9,,,
9ecffb5f-a4e7-4799-9860-6685989c095f,treatment.qpon,available,78,14,9,,,
209ed7c8-db51-4938-a43d-7bb80600b3dd,treatment.quest,premium,78,14,9,,,
826d9cc7-5f16-427a-9911-bbeb6d96904b,treatment.racing,available,78,14,9,,,
c0ab5db4-400d-4b56-9b3d-8254b802759a,treatment.realty,available,78,14,9,,,
bdcf4fbb-fddf-4b16-a83c-f7216174201f,treatment.rehab,premium,78,14,9,,,
4ba97813-d69b-45f0-a031-6e5e289342e5,treatment.reise,available,78,14,9,,,
8cae5667-8abb-4d9a-b1aa-99c126bebce8,treatment.reisen,available,78,14,9,,,
5b1e7aaa-e595-4390-b353-68e91dde5e4f,treatment.rent,available,78,14,9,,,
cffd1c8d-940c-445b-a06b-3a0836ab5419,treatment.rentals,available,78,14,9,,,
4944f66c-c65e-4d30-9ad9-a51c9df97a9e,treatment.repair,available,78,14,9,,,
9b8c54e9-37d3-4805-8b4c-f0515490f543,treatment.report,available,78,14,9,,,
62dc9f45-480e-4f62-8ce6-7c9237c536a9,treatment.republican,available,78,14,9,,,
efd936f7-1813-42f2-ad87-6047f3a361b6,treatment.rest,available,78,14,9,,,
84b763a8-e8d1-4209-8ad7-0f0fb6f3a967,treatment.restaurant,available,78,14,9,,,
2c36a269-5de4-4684-a370-d66ccff56f66,treatment.review,premium,78,14,9,,,
ad25f084-3d62-42a9-88d7-55f34691e246,treatment.reviews,available,78,14,9,,,
7b1d5158-ed94-45b7-8a21-465c3f255d48,treatment.rich,available,78,14,9,,,
856e3b37-79ad-483c-aead-d066d649b5db,treatment.rocks,available,78,14,9,,,
c1f3ea9f-7813-4d6d-ab66-0917def5efda,treatment.rodeo,available,78,14,9,,,
25246479-9b3d-452b-87a8-a4c5f21fa522,treatment.rsvp,premium,78,14,9,,,
6f462fbc-6a0c-4842-82aa-a7f07f231943,treatment.run,available,78,14,9,,,
248830a8-ef1c-47af-84fd-476967207105,treatment.sale,available,78,14,9,,,
effbbb31-1039-46fc-9c67-98e3eed75ddb,treatment.salon,available,78,14,9,,,
0535bc2e-c796-4d18-bb28-da934ca8aa88,treatment.sarl,available,78,14,9,,,
309def2b-ce93-4a14-8122-249cc8fdecd1,treatment.sbs,premium,78,14,9,,,
82c99a97-d165-4d1d-8abc-5626145c7dd7,treatment.school,available,78,14,9,,,
07140e2f-8d15-471b-a674-250fc3975392,treatment.schule,available,78,14,9,,,
99b95efa-1250-441e-8430-f024c36dd2a7,treatment.security,available,78,14,9,,,
32fa3499-0fd2-46e4-b286-73377b9e0413,treatment.services,premium,78,14,9,,,
2a302252-5b43-4368-9f3a-76059b727759,treatment.sexy,available,78,14,9,,,
128abd75-963b-4777-bb6b-5b859f7e80ec,treatment.sh,available,78,14,9,,,
b047f696-ab8e-4293-acd5-f34302db660c,treatment.shiksha,available,78,14,9,,,
6d25beca-1c77-491c-b54c-e9448448c539,treatment.shoes,available,78,14,9,,,
66fd8532-8474-4ec5-b7bc-65f9611d4f33,treatment.shopping,available,78,14,9,,,
b3deec69-4da5-481d-90e9-cb4de1cf55e8,treatment.show,available,78,14,9,,,
278098bb-90e5-4bfb-99b5-4eed4fba510a,treatment.singles,available,78,14,9,,,
43f9326a-e4e5-45fc-b2a6-6d2ab80a2553,treatment.site,premium,78,14,9,,,
33222bef-4a91-4f86-9417-05af0799d847,treatment.ski,available,78,14,9,,,
6cae1811-b33b-44fe-9532-4719a102ca9a,treatment.skin,premium,78,14,9,,,
9dca990e-7e3e-42bd-8366-a3812643cf2a,treatment.so,available,78,14,9,,,
3a1e1cec-eccb-4196-8efe-5072248766c4,treatment.soccer,available,78,14,9,,,
80cd2168-dc91-4ba7-96f1-c7d0ed2bb7ad,treatment.software,available,78,14,9,,,
28920195-ca80-4fb6-8d4b-9d586155a87d,treatment.solar,available,78,14,9,,,
12148f9a-09c0-4352-acaf-5399f283726a,treatment.soy,premium,78,14,9,,,
dbf188a2-e923-4f3e-b048-55c2dc1f262a,treatment.spot,premium,78,14,9,,,
3c15be35-9907-4e61-acce-c624bc113283,treatment.srl,available,78,14,9,,,
bfc6454e-65e0-48bb-b774-876a9fd8f1f6,treatment.storage,available,78,14,9,,,
554d174c-d144-4e50-8917-af28ea23bba7,treatment.store,premium,78,14,9,,,
039cc515-ae16-43c9-89e9-d026f44bcf9f,treatment.stream,available,78,14,9,,,
64db8695-c4d8-46ef-8b1b-0f60930fcc4c,treatment.study,premium,78,14,9,,,
23124811-792f-4e91-a53c-157d7cffb3d7,treatment.style,available,78,14,9,,,
41385908-4afe-48b1-970e-8755d9f080e2,treatment.sucks,available,78,14,9,,,
ae97f86b-dd29-4228-9ef7-1fdb94c89b27,treatment.supplies,available,78,14,9,,,
91b92202-3b45-46f7-9bed-ad2aa235fde8,treatment.supply,available,78,14,9,,,
74300f45-aff1-4500-a200-f2a3786a8e9a,treatment.support,expiring,78,14,9,"Sav.com, LLC",01/01/2025 17:08,01/01/2026 17:08
07c5bbdf-56c1-41b6-8021-42ce426c39c1,treatment.surf,available,78,14,9,,,
9ca7b7de-7032-4e78-a761-f938f10f15fe,treatment.surgery,premium,78,14,9,,,
bc02b6b3-6a08-471f-be11-bd89226a87a1,treatment.sydney,available,78,14,9,,,
d551d3fc-8386-4423-9fb1-7b0550a1908a,treatment.systems,premium,78,14,9,,,
81c73c1a-e570-43d7-b9bf-d8fcfff75e9d,treatment.talk,premium,78,14,9,,,
44197408-a1bc-4520-a520-b34b354b18c1,treatment.tattoo,available,78,14,9,,,
b39c0260-0476-46fc-b12b-e83bccc292f1,treatment.taxi,available,78,14,9,,,
8272b0d5-5862-45a4-b07b-341ffbf4da8e,treatment.team,resell,78,14,9,"Chengdu West Dimension Digital Technology Co., Ltd.",20/05/2020 17:28,20/05/2026 17:28
bb0e3277-b91d-41d6-a4e7-cfdf35ba745b,treatment.tech,premium,78,14,9,,,
80571e6a-5015-4921-9bb3-2036f417a6af,treatment.tel,resell,78,14,9,Dynadot Inc,15/06/2016 07:41,14/06/2028 23:59
ab18397f-0c6b-43aa-b3ee-e471203a9ca0,treatment.tennis,available,78,14,9,,,
a8afc7cc-7ae8-4384-8d3c-47e592de76b2,treatment.theater,available,78,14,9,,,
66705782-5860-450e-9195-9ed5e385a019,treatment.theatre,available,78,14,9,,,
5375c188-11b7-428c-8159-114772d2e176,treatment.tickets,premium,78,14,9,,,
5c85d7e7-3e76-4d6d-b8ad-2f752afd63b3,treatment.tienda,available,78,14,9,,,
c1137dd9-b46c-4d71-9085-331148245459,treatment.tires,available,78,14,9,,,
5a7aeafe-536f-489a-8522-94da69a2b694,treatment.today,resell,78,14,9,"DNSPod, Inc.",28/02/2019 10:00,28/02/2026 10:00
8e1c2ae5-d4b9-40fb-912f-c36248e4b1bb,treatment.tools,premium,78,14,9,,,
e683ae43-ee8a-4772-a575-782cddbc18c4,treatment.top,resell,78,14,9,成都西维数码科技有限公司,03/02/2016 18:01,03/02/2026 18:01
777cd976-cb32-4036-9e2b-d390fb856619,treatment.tours,available,78,14,9,,,
75ca37a3-d1c1-4823-a9da-508addb3ebd6,treatment.town,available,78,14,9,,,
ff411216-5fd8-44d4-98ca-86b2cae7c4f5,treatment.toys,available,78,14,9,,,
c9834a8e-c308-435d-9a99-7dc8ac9da602,treatment.trade,available,78,14,9,,,
548b7ba7-a87a-42e0-8a25-fb603ad7c6c6,treatment.training,expiring,78,14,9,Squarespace Domains II LLC,03/01/2017 20:52,03/01/2026 20:52
3cd87cb6-96ca-4a91-9f38-1c33cb97c10f,treatment.travel,available,78,14,9,,,
635142d8-c511-4e77-be47-9d5504fdf0a6,treatment.tube,available,78,14,9,,,
0b598d2b-f289-4ef6-9094-ea52fd43d9b1,treatment.uk,resell,78,14,9,"GoDaddy.com, LLC.",22/10/2016 04:44,22/10/2032 04:44
b2ca7346-df91-4d3c-a866-f92954156b2d,treatment.university,available,78,14,9,,,
60cf5037-61ba-4cdf-93c9-f4d37fc1d90e,treatment.uno,premium,78,14,9,,,
9c9e1e97-aa03-4a72-9afa-06dafb8dfb45,treatment.vacations,available,78,14,9,,,
fd5a0819-de6a-4cb9-a347-652d98c031cf,treatment.vana,available,78,14,9,,,
3825e5e2-44a2-4181-b035-82ba1c01cdb7,treatment.vc,expiring,78,14,9,"Sav.com, LLC",10/12/2023 01:56,10/12/2025 01:56
6ed78c7a-33e1-40f4-af45-e6f00df50e2c,treatment.vegas,available,78,14,9,,,
15540022-8c52-4d53-8a79-abd05c3868e2,treatment.ventures,available,78,14,9,,,
7067608a-e6aa-443d-8f31-1b23e1bff43f,treatment.vet,available,78,14,9,,,
3663dd0d-4a1e-4dbb-8556-1f5c76a43367,treatment.viajes,available,78,14,9,,,
895ae067-18e8-43bf-b1fa-24928a84330a,treatment.villas,available,78,14,9,,,
7284553b-a0d9-4439-89d2-c1e5a2a55007,treatment.vin,available,78,14,9,,,
2e1de7e0-b094-423c-8dc3-406764da4ba4,treatment.vip,resell,78,14,9,Dynadot Inc,17/05/2016 16:00,17/05/2026 16:00
7aa1fb09-31fe-448d-83cb-5a47b160309a,treatment.vision,available,78,14,9,,,
eb649127-0f20-43da-a355-8b7c25ace328,treatment.vodka,available,78,14,9,,,
1fbb3e10-f518-46b3-97e8-f09546858640,treatment.vote,available,78,14,9,,,
b1428a1c-798f-47e8-9628-144232d69bf5,treatment.voting,available,78,14,9,,,
09b9466b-f319-47f3-8c44-3b5066cf5691,treatment.voto,available,78,14,9,,,
6e180dcb-0727-4a5a-bf00-05d0c7fefe06,treatment.voyage,available,78,14,9,,,
b86cec44-9a75-45a4-9b85-df1ee1b6c557,treatment.watch,available,78,14,9,,,
3b0b4fef-7314-47f5-8ea6-c95652628ae8,treatment.webcam,premium,78,14,9,,,
24973958-9338-4fcc-8a5d-65095e1016da,treatment.website,premium,78,14,9,,,
3e5e634e-f598-47cb-bd88-c5f47b21c4bf,treatment.wedding,available,78,14,9,,,
4bed4942-3567-4288-b1dc-cf54de626a96,treatment.wiki,expired,78,14,9,Porkbun,11/11/2022 20:00,11/11/2025 20:00
6cd265d4-be40-4b64-8d69-80f35fc5f156,treatment.win,available,78,14,9,,,
15292970-a9ad-4d9f-b1b3-f1023768e67b,treatment.wine,available,78,14,9,,,
e54530a6-a726-4041-9771-3ae46819b7a8,treatment.work,resell,78,14,9,"Spaceship, Inc.",03/07/2025 19:41,03/07/2026 19:41
9dd546e2-aa80-4bca-a85a-48dd384b2871,treatment.works,resell,78,14,9,"Sav.com, LLC",23/03/2025 17:18,23/03/2026 17:18
86e6c2b3-b797-4bee-8958-bd3387cd929c,treatment.world,resell,78,14,9,"DNSPod, Inc.",06/07/2019 23:16,06/07/2026 23:16
f01986ac-47dd-4389-a7a4-78745335f3ee,treatment.wtf,available,78,14,9,,,
b7494485-527d-4e16-b3e4-ead4bb7feee6,treatment.xyz,premium,78,14,9,,,
c3fcf0aa-863d-4154-b991-88f210116865,treatment.yachts,premium,78,14,9,,,
82696a19-d9db-4c16-8a1a-0e607073f73d,treatment.yoga,available,78,14,9,,,
e99be8be-9e18-430e-b8cd-6474ff9e3f6b,treatment.zip,premium,78,14,9,,,
1e0a7fdd-335c-400b-a265-819df39b089f,treatment.zone,resell,78,14,9,"Chengdu West Dimension Digital Technology Co., Ltd.",24/02/2021 08:21,24/02/2026 08:21
ac309c28-9117-4081-bb5f-e9ff8d73045f,treatment.ac,available,78,14,9,,,
c627af6b-596e-4e71-ac3b-104cd6187194,treatment.accountant,available,78,14,9,,,
fa55f07c-98f5-45de-9a76-f4c650c35a99,treatment.accountants,available,78,14,9,,,
d594f51b-0f83-49a6-8910-943117fe09c7,treatment.actor,available,78,14,9,,,
b9931feb-f352-405d-8014-52760de7c77b,treatment.adult,available,78,14,9,,,
006a074e-133d-4967-9237-12e0bfc5dd85,treatment.ag,available,78,14,9,,,
40a8aa4d-74f9-4d9a-83b7-8369bc8fa307,treatment.airforce,available,78,14,9,,,
a638f537-572d-495d-83bd-4f79a0309634,treatment.apartments,available,78,14,9,,,
1a0141ba-4686-49a0-90f1-8d4fa11302c0,treatment.app,sold,78,14,9,Namecheap Inc.,28/07/2021 19:39,28/07/2026 19:39
5dfd0031-e52c-4792-903e-4255627ca59f,treatment.archi,available,78,14,9,,,
6a0e133a-5fb8-491f-bc37-aeff853772b1,treatment.army,available,78,14,9,,,
18c9dab0-face-47fb-b8ef-ad049e2f4eb5,treatment.art,premium,78,14,9,,,
276a42b5-9970-4df3-b1fa-9fc08c36f1a5,treatment.asia,expired,78,14,9,CommuniGal Communication Ltd.,15/10/2024 15:50,15/10/2025 15:50
bf68b0e2-9731-4458-af08-099f68ebb652,treatment.at,resell,78,14,9,Greenmark IT GmbH ( https://nic.at/registrar/618 ),,
8035e0bd-4cb4-4854-b4a9-f52b573643ae,treatment.attorney,available,78,14,9,,,
09b52e8a-c891-402c-b6ef-f4940292760a,treatment.auction,available,78,14,9,,,
c4d5aaa6-9732-46ea-b83e-bd74700c17a9,treatment.audio,available,78,14,9,,,
8555b385-5b48-4338-ba49-031180b41d89,treatment.auto,available,78,14,9,,,
d90732ad-969f-46d1-9d20-81225263a6ae,treatment.autos,premium,78,14,9,,,
5e958369-807a-4c0b-8fde-606c250b7268,treatment.baby,available,78,14,9,,,
ff79768d-e91f-4182-8dc8-c0e4d69f705a,treatment.bargains,available,78,14,9,,,
029faa63-fae9-4d83-8819-04fdf11e67e7,treatment.bayern,available,78,14,9,,,
acd0598a-455a-45ca-be15-c374a0815711,treatment.beauty,premium,78,14,9,,,
6bb5d237-3c09-4070-adef-d698a5236ff3,treatment.beer,available,78,14,9,,,
ff47c545-f1f2-42b6-8cee-b64f98b83d65,treatment.berlin,available,78,14,9,,,
722e8390-ca63-4dc0-bb96-c21da7c6fdef,treatment.bet,available,78,14,9,,,
6f9ece49-d3c8-46aa-b986-0f7bda51fc20,treatment.bid,premium,78,14,9,,,
946d75f4-c32d-418d-b669-db7dcd255206,treatment.bike,available,78,14,9,,,
f6a16585-d915-44ef-b802-78615999c5aa,treatment.bingo,available,78,14,9,,,
24e449cf-6004-4109-96a6-aece8bdd3568,treatment.bio,premium,78,14,9,,,
114ab1fa-38ac-433e-86ee-e24543159a8a,treatment.black,available,78,14,9,,,
0a31fe1e-69ec-4ff3-b240-5bdd8e8d7003,treatment.blackfriday,available,78,14,9,,,
d2454e83-c26d-4078-bf36-7edf21c7570f,treatment.blog,premium,78,14,9,,,
475c52fc-372a-48b8-9a28-0d6d8485cd5c,treatment.blue,available,78,14,9,,,
e8b63e62-575e-47d7-87ff-e563d9104715,treatment.boats,premium,78,14,9,,,
5dbc6521-7aea-49a6-b849-98c7b78db26c,treatment.boo,premium,78,14,9,,,
23a63f16-1a7c-4bfa-917b-89c0084fe9a2,treatment.boston,premium,78,14,9,,,
ffcbd42a-bad7-49ad-82f0-d0cd602249d5,treatment.bot,resell,78,14,9,"Dynadot, LLC",13/05/2025 11:48,13/05/2026 11:48
342302a3-8104-47a0-864a-942bdab2899c,treatment.boutique,available,78,14,9,,,
5902ae8c-8d25-4a8c-97c3-ea539f1a3584,treatment.build,premium,78,14,9,,,
ea1fb0ce-c255-4ebe-ad8d-a52168163afe,treatment.builders,available,78,14,9,,,
cd20b84e-a72c-4352-9e82-89d74f098550,treatment.business,premium,78,14,9,,,
63c1a99c-4e6f-4ff0-87c3-09544ff8063a,treatment.buzz,premium,78,14,9,,,
f3aa5c0e-a6bd-4c5b-ac23-4a75d8a491a4,treatment.bz,available,78,14,9,,,
654d32f6-fedc-4209-a807-054f24e7911e,treatment.cab,available,78,14,9,,,
9054e7f7-9f34-4b87-bf78-37baa45702f2,treatment.cafe,available,78,14,9,,,
3c2c53f4-d784-44af-919d-cf84f72a53b5,treatment.cam,available,78,14,9,,,
df0e0ee2-d65c-4d7e-9c1a-1cb26c076c96,treatment.camera,available,78,14,9,,,
f93147c3-5743-46e7-8459-5743ffd9f8ef,treatment.camp,available,78,14,9,,,
6072b02f-839a-4649-8106-cedec0b9e48e,treatment.capital,available,78,14,9,,,
7434089b-8b4b-46bd-8fe3-b83837203b43,treatment.car,available,78,14,9,,,
91e0a4d2-80b8-4cf1-ad09-c3044cf89685,treatment.cards,available,78,14,9,,,
57aaa42b-c8b8-4a8d-a45f-91f3d6af946c,treatment.careers,available,78,14,9,,,
6261ecbc-a787-48dc-ac7f-0789250815b0,treatment.cars,available,78,14,9,,,
11306d9b-233b-4d18-94d2-641113fec536,treatment.casa,available,78,14,9,,,
751ab7c0-0561-4187-a592-a458fa9d0c42,treatment.cash,available,78,14,9,,,
2f7373d5-a405-4ce9-99f7-e126c44c66b2,treatment.casino,available,78,14,9,,,
576c9ed0-d8bf-4692-b015-7c4cc3ba65a2,treatment.catering,available,78,14,9,,,
81c87f89-5845-4212-83ff-66e439bea2bd,treatment.center,premium,78,14,9,,,
40ce8419-df7d-475e-be47-0ae092932e83,treatment.cfd,premium,78,14,9,,,
6d9ca9b3-5e72-4533-a4aa-30dee4423e6b,treatment.charity,available,78,14,9,,,
327468e0-a3b5-47a3-be4a-1467131741f2,treatment.cheap,available,78,14,9,,,
19a6008b-5727-47ea-95d4-1fd3a7c58e56,treatment.christmas,premium,78,14,9,,,
78fc44ea-7240-4924-a95e-8c3724424561,treatment.church,available,78,14,9,,,
078f8c74-5d53-462e-9e33-ff2122a1d7bf,treatment.city,resell,78,14,9,"Spaceship, Inc.",04/04/2022 15:23,04/04/2026 15:23
5cc577f7-e121-452a-afb8-262fd58fb84f,treatment.claims,available,78,14,9,,,
c45d3719-86ad-4c3c-8153-9e46d83e698c,treatment.cleaning,available,78,14,9,,,
43284a46-7e51-41ff-a616-847e68bec124,treatment.clothing,available,78,14,9,,,
668bb3be-31eb-4086-8cbd-82274d0b9839,treatment.cloud,premium,78,14,9,,,
535c8dd5-add6-46ad-9708-f747f8c8ea51,treatment.club,resell,78,14,9,"Spaceship, Inc.",07/05/2014 17:06,06/05/2026 23:59
2905caf4-b5b3-4456-8ba8-aabb3a504c7f,treatment.coach,available,78,14,9,,,
b4576425-db68-4bfe-add1-8221cf14d94f,treatment.codes,available,78,14,9,,,
af8fe2d9-df56-495d-bde2-da1f9c7a932e,treatment.coffee,available,78,14,9,,,
e61317a2-dd50-4c31-a64a-5700044eabbe,treatment.college,available,78,14,9,,,
1296aa85-0594-4446-9125-d40859bf3ee5,treatment.community,available,78,14,9,,,
060b6b07-41bb-481a-a029-8ff898e37a95,treatment.company,premium,78,14,9,,,
004998a9-472b-4c0b-ab09-762d1200a486,treatment.computer,available,78,14,9,,,
40754e23-2af7-44c4-9e37-28dbaaca8565,treatment.condos,available,78,14,9,,,
3c993e51-a8af-4f58-ad06-7c1f64e46757,treatment.construction,available,78,14,9,,,
ccede5f9-0eaa-4eae-9428-d4b45a1bfc5e,treatment.consulting,available,78,14,9,,,
cbe31af8-5e93-4938-87e2-2e27ace65024,treatment.contractors,available,78,14,9,,,
ddb38a08-b93c-432e-95c8-86e816eaa5c2,treatment.cooking,available,78,14,9,,,
c1dd7369-155b-456b-86bf-5b767fc2054e,treatment.cool,available,78,14,9,,,
2702f86c-7713-4bcc-87fc-8f468cb0d7f4,treatment.country,available,78,14,9,,,
53447195-41d8-4bea-9f4e-ea698f2a0978,treatment.coupons,available,78,14,9,,,
5a5cdfee-f16c-43dd-ab3a-967be54e97c8,treatment.courses,available,78,14,9,,,
27a5b1aa-993a-4763-a48e-a480c7657d90,treatment.credit,available,78,14,9,,,
d05ecb99-22dc-43b1-9ade-392bc1448dc1,treatment.creditcard,available,78,14,9,,,
acdb8633-07f6-4ede-b88e-3c9a400c8946,treatment.cricket,available,78,14,9,,,
83e444f7-5f6f-44ae-920b-d2f00f6d765c,treatment.cruises,available,78,14,9,,,
26af4afa-b377-4e05-a16f-318b8771ff09,treatment.cv,available,78,14,9,,,
2b5750d2-1327-4857-b6bf-d5c3de6760b8,treatment.cx,available,78,14,9,,,
d4269f67-e881-41d1-80c5-940ce6afcc26,treatment.cyou,premium,78,14,9,,,
779c1f25-053e-43c8-9972-2c1afaf3f4cd,treatment.dad,premium,78,14,9,,,
a67c2704-2255-4434-a6c9-b8bcf05ca50f,treatment.dance,available,78,14,9,,,
5f5108c9-2079-41e3-becb-0be62e6b7655,treatment.date,premium,78,14,9,,,
7aeccbc1-4ff4-45be-8fcc-33b78e030c7b,treatment.dating,available,78,14,9,,,
ac911e2c-a284-48f9-99f6-d8b913d4fdeb,treatment.day,premium,78,14,9,,,
2542f17f-b042-4b3b-8645-91e66f40c32a,treatment.deal,premium,78,14,9,,,
77291d78-fb97-4903-9568-e7f8b6ea8e39,treatment.dealer,premium,78,14,9,,,
63026354-0130-4382-ada1-c71c9bdccf6c,treatment.deals,available,78,14,9,,,
453577c1-7935-4e8a-bfac-1e97fd215d92,treatment.degree,available,78,14,9,,,
acd01b13-164c-4599-85f7-63982c80ec49,treatment.delivery,available,78,14,9,,,
30dee0a2-cd60-4ab5-9d4a-568862827feb,treatment.democrat,available,78,14,9,,,
c538a0b4-a1db-41a5-9997-cdb695fa4508,treatment.dental,available,78,14,9,,,
935ada58-e15e-4371-a3c5-3152f413211f,treatment.dentist,premium,78,14,9,,,
fcf75e44-26ec-4c02-bf59-93883b52daf9,treatment.dev,premium,78,14,9,,,
4298c414-bec0-46a2-81ab-05b9b204264b,treatment.diamonds,available,78,14,9,,,
a426f1f9-29cb-4db8-865e-4c78f3e26be8,treatment.diet,premium,78,14,9,,,
28467283-d42d-429a-b56a-edd9cb14658c,treatment.digital,resell,78,14,9,"Sav.com, LLC - 32",11/11/2024 17:00,11/11/2026 17:00
9c0b2dc5-6ce0-4e95-a0d4-3ec873e4bdff,treatment.direct,available,78,14,9,,,
26338368-1516-4759-a4f2-94fcf1afa866,treatment.directory,resell,78,14,9,"Sav.com, LLC - 12",05/06/2025 15:15,05/06/2026 15:15
a1764fc6-242b-4545-9474-22d17a152075,treatment.discount,available,78,14,9,,,
da47c028-9f5f-4999-b93f-23ced4bd4c86,treatment.diy,available,78,14,9,,,
8a09d825-ec8a-40c5-aa10-901005e80ca4,treatment.dog,available,78,14,9,,,
ea63544b-b908-4ce5-b795-0c4c46ac8c6d,therapy.dev,expired,94,92,7,Squarespace Domains II LLC.,15/05/2022 20:59,15/05/2025 20:59
fc6e6c78-ca10-470f-b14c-cbcca477078d,therapy.io,resell,94,92,7,"GoDaddy.com, LLC",28/08/2013 00:18,28/08/2025 00:18
a6315cfb-1886-4737-bb97-ccf92a2f6ce9,therapy.it,resell,94,92,7,,26/08/2010 12:16,26/08/2025 00:00
d63916ef-d299-4be8-a032-6fa8507ac356,therapy.net,resell,94,92,7,Tucows Domains Inc.,08/12/1998 05:00,07/12/2025 05:00
84df0896-c717-4210-a61a-0aa60e1e65bc,therapy.online,premium,94,92,7,,,
bb1af77a-f645-4792-a786-e23e8d78df42,therapy.org,resell,94,92,7,"GoDaddy.com, LLC",23/05/1998 04:00,22/05/2033 04:00
9bfee845-2f8c-4cf6-b568-36ea787fd9d0,therapy.pro,resell,94,92,7,"GKG.NET, INC.",12/11/2018 10:30,12/11/2026 10:30
660308ee-033e-48ec-996e-dcb176c6d1c1,therapy.site,premium,94,92,7,,,
f25bfeac-cdde-4fb1-bc4e-049751508a88,therapy.store,premium,94,92,7,,,
18fe9e63-0000-4337-94b3-2bdf7f3fa0a6,therapy.tech,premium,94,92,7,,,
e93f69b6-fa48-41c9-953e-74eed5bfc96f,therapy.xyz,resell,94,92,7,"Go Daddy, LLC",15/12/2020 21:02,15/12/2025 23:59
10caf8b1-3ac2-4df0-a4b9-3d0ea4b6e04e,healthcare.ac,resell,76,28,10,"Spaceship, Inc.",26/09/2021 12:57,26/09/2026 12:57
c8f9bd10-578c-46a6-b7a9-31c5f77a1288,healthcare.academy,resell,76,28,10,Dynadot Inc,19/03/2014 16:00,19/03/2026 16:00
5a77c7eb-a72e-4c79-a723-075df271b81f,healthcare.accountant,premium,76,28,10,,,
853668de-fa62-4596-8686-40b63663f83b,healthcare.accountants,premium,76,28,10,,,
ddf3f53e-fd75-4711-a75a-7a9ec51f7735,healthcare.actor,available,76,28,10,,,
4fcea37f-e7e1-4373-ae40-4ec884527991,healthcare.adult,available,76,28,10,,,
3ffea47e-8a8f-473e-b48d-b76804b1fed7,healthcare.airforce,available,76,28,10,,,
e8af408c-a080-4888-8eef-30a214ad9f73,healthcare.apartments,available,76,28,10,,,
bd305312-2175-4ca3-bdd9-27554db31654,healthcare.archi,available,76,28,10,,,
ccd6cf53-bd69-4a3e-b230-d4ba74679a9f,healthcare.army,premium,76,28,10,,,
ed76d539-74d4-40c1-818a-986ea12c180b,healthcare.at,available,76,28,10,,,
0ed64a75-8ea8-45cc-8bb9-253727ae873a,healthcare.attorney,premium,76,28,10,,,
ddd8acc2-af59-41dc-acdf-0cbf129a5d84,healthcare.auction,premium,76,28,10,,,
0f4d0892-5f7b-4486-b787-9e8f4a229925,healthcare.audio,available,76,28,10,,,
8d407dae-e9e8-4468-863f-4e35d97d3791,healthcare.auto,available,76,28,10,,,
c12e7232-83a2-4204-9e58-c87a557432b0,healthcare.autos,premium,76,28,10,,,
6074b0c7-211d-41e8-9e6c-106280fcdf09,healthcare.band,premium,76,28,10,,,
3f99b581-da05-409f-b271-91ea6e107b17,healthcare.bar,premium,76,28,10,,,
6acc7fc3-41d2-409d-a210-96a979ce710a,healthcare.bargains,premium,76,28,10,,,
2bbfde3e-8a88-4260-ac4c-cbfd2bb069df,healthcare.beauty,premium,76,28,10,,,
7eeff6e3-164e-4f61-9b8b-91a9dfbf98b1,healthcare.bet,resell,76,28,10,"Sav.com, LLC",31/01/2025 17:08,31/01/2026 17:08
959ad154-a03b-412a-a65f-f1489a32e4ec,healthcare.bid,resell,76,28,10,"NameSilo, LLC",13/08/2019 13:59,13/08/2026 13:59
8b83ccfd-7fbb-4c05-acb6-131eb6b9f282,healthcare.bike,available,76,28,10,,,
e29a4d9f-676b-4f00-b33a-6ebe6f01fe96,healthcare.bingo,available,76,28,10,,,
a2bc50b9-5f83-4b29-920f-435d0ad26c3a,healthcare.blackfriday,available,76,28,10,,,
8976123d-e153-45c6-a3d3-3c6d4bd22364,healthcare.blog,premium,76,28,10,,,
b3e36a46-7c11-4da8-b3f4-6a4613a02395,healthcare.blue,resell,76,28,10,"Spaceship, Inc.",19/10/2021 14:30,19/10/2026 14:30
f101f58b-fd3e-4371-9831-45218212f41a,healthcare.boats,premium,76,28,10,,,
ff3ac19b-90c4-4dbf-8ed7-89ce44ba1075,healthcare.bond,premium,76,28,10,,,
a4a681f7-f3ad-46fe-9043-f38d98455e25,healthcare.boo,premium,76,28,10,,,
39b7c432-360f-4f0b-b9c1-56b6fc1734f4,healthcare.boston,premium,76,28,10,,,
c501ff10-9608-40cd-9a50-579a64758826,healthcare.boutique,resell,76,28,10,"Global Domains International, Inc. DBA DomainCostClub.com",19/06/2025 15:15,19/06/2026 15:15
be829cb8-2fbd-42de-9ae3-828ff4a60688,healthcare.bz,premium,76,28,10,,,
a335a546-af61-47b3-9c73-84861bf2d9ae,healthcare.cafe,resell,76,28,10,"Global Domains International, Inc. DBA DomainCostClub.com",18/07/2025 15:15,18/07/2026 15:15
ad7d9c15-6b4f-49c9-97e1-9aa1a97987e5,healthcare.cam,expiring,76,28,10,"Spaceship, Inc.",13/12/2024 03:47,13/12/2025 23:59
a8a3a232-97a2-4927-b3f1-e99f934bc8d1,healthcare.camera,premium,76,28,10,,,
dd24a5f4-48de-4e97-bc03-b1c34189fc61,healthcare.car,available,76,28,10,,,
50498947-be43-4225-91eb-867159f1fa69,healthcare.careers,premium,76,28,10,,,
50a8ba44-c0f1-49a6-8aed-665316deead1,healthcare.cars,available,76,28,10,,,
5c2be3fe-8dee-4d24-b149-c41b6ad7875f,healthcare.casa,resell,76,28,10,Porkbun,14/01/2025 19:39,14/01/2026 19:39
a8e48b0c-5a61-48c8-b93b-9e5accdd4db7,healthcare.casino,available,76,28,10,,,
557ef34a-b35c-4b13-a022-0514d8154293,healthcare.catering,premium,76,28,10,,,
c3a06f5a-3bad-466c-988b-b5159b4a03f7,healthcare.cc,resell,76,28,10,"GoDaddy.com, LLC",17/08/2015 08:02,17/08/2026 08:02
ca3bf627-a8e7-4859-86c0-ce519811963d,healthcare.center,premium,76,28,10,,,
8949c670-58bc-4a7d-b729-024559577773,healthcare.cfd,premium,76,28,10,,,
b6f8fb6a-7f56-4d91-b703-7fef409810d6,healthcare.charity,premium,76,28,10,,,
86ab68ef-e7eb-4d87-b47e-48f1136bb4b0,healthcare.cheap,premium,76,28,10,,,
93af0a3d-533c-45fe-a7e3-8abf6c754db8,healthcare.christmas,available,76,28,10,,,
35daf859-8767-4a3e-8ccf-b06680ce8564,healthcare.church,resell,76,28,10,"GoDaddy.com, LLC",11/02/2023 06:51,11/02/2026 06:51
b17734d4-759a-4efc-ace2-6cd44c4323ff,healthcare.city,resell,76,28,10,"Chengdu West Dimension Digital Technology Co., Ltd.",19/12/2018 12:11,19/12/2029 12:11
092a3393-f801-4c63-bc77-4709dec86c78,healthcare.claims,premium,76,28,10,,,
5e08ae3d-5cdf-4520-a980-91b1e890b6a6,healthcare.cleaning,available,76,28,10,,,
dc3991b4-b506-44a3-8317-306ae6a59c52,healthcare.click,resell,76,28,10,Porkbun LLC,25/11/2014 16:01,25/11/2026 16:01
8f823431-adae-438f-a8a2-bc852d6d3268,healthcare.clinic,resell,76,28,10,"Spaceship, Inc.",26/08/2015 16:00,26/08/2026 16:00
6889ac9b-14ae-486a-a257-192298bea63a,healthcare.cloud,premium,76,28,10,,,
55af7048-3a96-45ab-b743-87188c7b1e1f,healthcare.club,premium,76,28,10,,,
5962dff9-42dd-491a-b6ad-d91e29e5e0c4,healthcare.codes,resell,76,28,10,"Sav.com, LLC - 35",30/09/2025 15:15,30/09/2026 15:15
fe09da36-c841-41b4-8dff-631118cdca00,healthcare.coffee,resell,76,28,10,"Sav.com, LLC - 14",14/05/2025 15:16,14/05/2026 15:16
24a15c1a-b3c2-4452-8361-22d01bad28f4,healthcare.college,premium,76,28,10,,,
8c9f9a45-784f-44ab-ade1-8c011500c58c,healthcare.company,premium,76,28,10,,,
ac55f306-73c4-4932-a64b-b1a40dd17a2f,healthcare.computer,premium,76,28,10,,,
6dae5be3-13e7-49ad-9a6b-5f232e456996,healthcare.condos,premium,76,28,10,,,
77b1b6f4-7f66-496e-bd09-8f81c25fde52,healthcare.construction,expired,76,28,10,"GoDaddy.com, LLC",05/10/2018 21:08,05/10/2025 21:08
027c180b-80b0-47bb-adff-23d64db65b01,healthcare.consulting,premium,76,28,10,,,
d00ba3bf-9fbf-43c1-987d-6abe9a842506,healthcare.contact,resell,76,28,10,Porkbun LLC,25/02/2022 13:15,25/02/2026 13:15
5c0db881-dbe5-4d0e-a639-14ff8f6776d2,healthcare.cooking,available,76,28,10,,,
2f23136a-f07d-4a4b-a33a-23cd2f6d6555,healthcare.cool,premium,76,28,10,,,
d080bbcc-3f19-4d5d-9bac-603635f70c97,healthcare.country,available,76,28,10,,,
4dc5b6f9-ff19-49f8-bca7-26e6ffad332e,healthcare.coupons,resell,76,28,10,"Sav.com, LLC - 19",02/10/2025 15:16,02/10/2026 15:16
4233ab7d-5083-4085-baa5-76005789c83a,healthcare.courses,premium,76,28,10,,,
e589a9c2-ab79-4d1a-a3f9-18664a3521dd,healthcare.creditcard,premium,76,28,10,,,
261b865a-de5e-4eb6-9f4a-f493d04545c7,healthcare.cricket,premium,76,28,10,,,
e73199ab-ed24-45a3-aae2-bdbad2198dd8,healthcare.cruises,available,76,28,10,,,
f357c3c2-8c82-4ff8-821c-7c3d1b64dd04,healthcare.cv,premium,76,28,10,,,
b50e078a-4c59-49ee-970c-36e54cb8a57f,healthcare.dad,premium,76,28,10,,,
8331735e-479e-46ce-ad66-89a0c4230ba3,healthcare.dance,available,76,28,10,,,
3d3bda53-50fd-4564-9282-5f88a28ec51a,healthcare.date,premium,76,28,10,,,
45f14cfc-0bab-419d-bf0e-28b95d71b706,healthcare.dating,available,76,28,10,,,
84a9cb85-52bf-47bf-902a-a1bc804db3a6,healthcare.day,premium,76,28,10,,,
edc5e084-f15f-4cdf-b85d-65ecfe72a651,healthcare.deal,premium,76,28,10,,,
570f215f-3b01-4ceb-b756-a862f17985fa,healthcare.dealer,premium,76,28,10,,,
e18aad9a-0ece-4ef5-ad2f-f61a85b5de0c,healthcare.degree,premium,76,28,10,,,
bc6781f9-813e-4782-a3b7-68d0b23b6864,healthcare.democrat,premium,76,28,10,,,
ec49e064-05c7-4131-b77b-a4bab4e3a374,healthcare.dental,premium,76,28,10,,,
d02eda73-185c-423f-beb1-969388d30829,healthcare.dentist,premium,76,28,10,,,
ddbd02b3-5f1f-4ab5-a83b-2baaaf40edfa,healthcare.diamonds,available,76,28,10,,,
d1f940ab-d83b-4d51-9799-a2a0aff80208,healthcare.direct,premium,76,28,10,,,
5b2c18e4-4bb7-4244-a20e-31d3bf587465,healthcare.discount,premium,76,28,10,,,
eb0d08f3-7ecf-49ba-bed8-74f0cbbd5ee7,healthcare.diy,premium,76,28,10,,,
6d8823c9-623d-482e-a3e3-8d41ea741b1d,healthcare.doctor,resell,76,28,10,"Spaceship, Inc.",01/11/2016 13:14,01/11/2026 13:14
f7fc3e16-24b6-42c8-9333-bc5aba5316f5,healthcare.dog,premium,76,28,10,,,
0e3c430d-1ff8-4646-8286-d6170912977d,healthcare.domains,premium,76,28,10,,,
96555e9b-74eb-4ee4-a4f5-dca8384941a7,healthcare.download,premium,76,28,10,,,
a0878f13-deec-4373-906d-ca1c5ed0d18c,healthcare.education,resell,76,28,10,"GoDaddy.com, LLC",06/03/2018 03:42,06/03/2026 03:42
d429b2ab-f90e-45b0-8850-f59a8ecf6b3f,healthcare.enterprises,resell,76,28,10,Porkbun LLC,22/10/2022 02:28,22/10/2026 02:28
d219e928-0b41-4ccc-b631-212b4c1bc493,healthcare.estate,expiring,76,28,10,"GoDaddy.com, LLC",02/01/2024 18:39,02/01/2026 18:39
96022bef-41d2-4a14-8914-7790548315a7,healthcare.exposed,premium,76,28,10,,,
33572c42-ee5d-4c12-8357-f8dc426ee301,healthcare.fail,premium,76,28,10,,,
78262660-bf93-46b5-bc57-190630275e62,healthcare.faith,premium,76,28,10,,,
6fb059f2-9263-43dd-9f8d-01d64f9af209,healthcare.family,premium,76,28,10,,,
2549b546-d5ba-40c3-be07-6290156fa8d0,healthcare.fan,premium,76,28,10,,,
2b8dcdf9-1830-4cd5-b5f3-17affe59dbb8,healthcare.fans,premium,76,28,10,,,
ed7695e2-d21f-4280-bd88-30fecb7ca5e5,healthcare.farm,available,76,28,10,,,
3085cd43-5985-46ef-94d9-89bc36008409,healthcare.fashion,resell,76,28,10,"GoDaddy.com, LLC",09/06/2025 15:33,09/06/2026 15:33
24e44300-f4a2-49b6-859e-9c3062801334,healthcare.fast,premium,76,28,10,,,
723cb692-ee4b-40b6-8ee0-c5c7b061872f,healthcare.fish,premium,76,28,10,,,
0b0dd3f7-2e68-4b70-9d35-733d9ce6a68a,healthcare.fishing,premium,76,28,10,,,
3d2c1268-38d1-4486-91a4-72fab28b9765,healthcare.fit,resell,76,28,10,"Chengdu West Dimension Digital Technology Co., Ltd.",28/12/2019 09:27,28/12/2031 09:27
94eb56a7-4d5b-4e7e-b05c-616d6a292ea8,healthcare.fitness,premium,76,28,10,,,
eb4e3690-3258-46e5-a527-3d55eb941a87,healthcare.flights,premium,76,28,10,,,
7eba3256-a46a-48ea-b5ab-6bdeb58f4f0b,healthcare.florist,available,76,28,10,,,
8f7e1054-dede-412d-903d-d47c31a373a2,healthcare.flowers,available,76,28,10,,,
ba62dd62-1052-450a-8c2f-b815ac2b4a7c,healthcare.foo,premium,76,28,10,,,
8ee47f98-c2df-4eef-a270-0c45d0be0578,healthcare.food,premium,76,28,10,,,
031bb491-eea6-44af-8441-17d3598f186c,healthcare.football,available,76,28,10,,,
c9eb1045-879b-4d16-82fb-ec0092a59ce1,healthcare.forsale,premium,76,28,10,,,
f2b598f1-8efc-4ad7-a289-7b8245a85f8c,healthcare.foundation,premium,76,28,10,,,
f57cad19-37b8-4788-9caf-1d2b0baef958,healthcare.free,premium,76,28,10,,,
c41e04fd-4c9e-4022-9005-0c03f1e91ad7,healthcare.fun,premium,76,28,10,,,
cf45a6b0-e8c3-4322-9d90-b5d193b3218f,healthcare.fund,premium,76,28,10,,,
ec2ebcd9-b8d1-4912-870f-9a97ee1df138,healthcare.furniture,available,76,28,10,,,
e598db98-d7c6-4479-ad36-5de45f6a5fad,healthcare.futbol,available,76,28,10,,,
8450c8b4-1aa8-4c14-b6e7-08c18c9a00fc,healthcare.gallery,premium,76,28,10,,,
bc956418-48b4-441b-8747-13d83dba70f9,healthcare.game,available,76,28,10,,,
8563e575-41be-45aa-beba-a279a7dfb501,healthcare.games,premium,76,28,10,,,
61082921-cfb0-4034-a621-9989c0518650,healthcare.gay,premium,76,28,10,,,
41c86576-d729-42bb-850b-f06f8f27f904,healthcare.gifts,premium,76,28,10,,,
52576488-97fb-46dd-878c-ffe05c943ddc,healthcare.gives,resell,76,28,10,"NameCheap, Inc.",22/03/2020 17:27,22/03/2026 17:27
4a054c2a-ba10-4d09-b3b6-c48482ca75a6,healthcare.glass,resell,76,28,10,"Sav.com, LLC - 33",04/08/2025 15:15,04/08/2026 15:15
bda2f6de-093c-41bb-8e21-1f2aed8f34c2,healthcare.global,resell,76,28,10,"Chengdu West Dimension Digital Technology Co., Ltd.",25/11/2020 14:16,25/11/2030 14:16
afad4b4e-b62c-4b11-be84-fd05e8a45004,healthcare.gold,resell,76,28,10,"DNSPod, Inc.",17/11/2023 15:15,17/11/2026 15:15
a34d2320-9fa7-4486-85bf-a8ac6d913273,healthcare.golf,available,76,28,10,,,
5ac33f1c-69ea-4cb3-b002-9fd421b1b464,healthcare.graphics,available,76,28,10,,,
5d01e053-fd18-4e15-8d60-19f6e1878ef1,healthcare.gratis,premium,76,28,10,,,
5df034dd-ca94-46ad-baf5-771e95d5b247,healthcare.green,premium,76,28,10,,,
09dede73-0f3c-4077-bfb9-0e6b3c7cf869,healthcare.guitars,available,76,28,10,,,
b3116028-4d4e-4302-86e2-b20fb46c550d,healthcare.hair,premium,76,28,10,,,
45c8f45d-9320-4f82-8fb2-f75aa076767b,healthcare.haus,available,76,28,10,,,
73d24a8c-6650-4d36-8d03-9e6372a50a00,healthcare.health,premium,76,28,10,,,
b4098591-03ef-4190-82ef-9260f51bb117,healthcare.hiphop,premium,76,28,10,,,
8e50b9aa-728d-4ad1-bc24-ac97381779ea,healthcare.hiv,premium,76,28,10,,,
60f643a1-c730-4ed1-ab02-c3532ed5cb7d,healthcare.hockey,available,76,28,10,,,
6f159d3e-1fa7-4713-bbb0-e0c2d861558a,healthcare.holiday,available,76,28,10,,,
61cb30b6-e965-4047-b288-579aa99be777,healthcare.homes,premium,76,28,10,,,
fdbbcd91-fbd6-4724-9998-cb4efeb1573f,healthcare.horse,premium,76,28,10,,,
a638aa57-3478-484a-aba7-92d7815e0e0f,healthcare.host,premium,76,28,10,,,
c98ccfea-9608-416e-99b8-7c14c80d66ac,healthcare.hot,premium,76,28,10,,,
621c5458-54a1-4cdd-8e61-3d041b8d4b2d,healthcare.house,resell,76,28,10,Porkbun LLC,30/07/2023 20:42,30/07/2026 20:42
4e07ee4b-df4e-4e16-a73e-3c25ce5c82c5,healthcare.how,premium,76,28,10,,,
83c96f6c-bc58-4adc-9f89-922728a56b1c,healthcare.icu,expiring,76,28,10,"Spaceship, Inc.",25/12/2021 19:39,25/12/2025 23:59
1231f23f-f46a-444a-982c-103a4964793f,healthcare.id,expiring,76,28,10,PT Jagat Informasi Solusi (int),03/01/2021 00:31,03/01/2026 23:59
ac18efea-4b01-4e3c-97b1-84618e2d0f0f,healthcare.im,premium,76,28,10,,,
dd5dbd8a-efa1-4e7b-b724-5b3ae334a6e3,healthcare.industries,premium,76,28,10,,,
68d3528a-0c57-4552-a3bd-daafae14f383,healthcare.ing,premium,76,28,10,,,
252bc230-6052-45f5-bec1-db0632fdb5ef,healthcare.ink,expired,76,28,10,"NameCheap, Inc.",09/10/2023 08:47,09/10/2025 08:47
56ba7f13-ca19-4b50-8c07-323ec0ee6441,healthcare.international,resell,76,28,10,"Global Domains International, Inc. DBA DomainCostClub.com",27/12/2020 23:51,27/12/2026 23:51
7cd4162a-b948-4d3f-8883-29d216c3275e,healthcare.investments,premium,76,28,10,,,
ebaf63a4-c9d2-4a63-b1cb-5bd549975c90,healthcare.irish,available,76,28,10,,,
e4bb206c-31b0-4f5e-adf0-4a4df96a9bf3,healthcare.it,expired,76,28,10,,01/11/2012 05:00,28/11/2025 00:00
e2132bce-3fdb-4ac0-a9ad-bdba3a56c764,healthcare.jetzt,available,76,28,10,,,
30c40dc4-22fe-4f61-9317-ef3a13ec9b37,healthcare.jewelry,available,76,28,10,,,
9ef3b01b-0ce9-411f-94d8-b58a1c6fcdfb,healthcare.juegos,available,76,28,10,,,
33302940-23e4-4607-aaf0-7cc7cff3d69c,healthcare.kaufen,available,76,28,10,,,
6267b40b-b3fd-4e98-974c-380da7e9da1c,healthcare.kids,available,76,28,10,,,
d19f1da6-f4d7-4a1c-8692-4c02d830fc21,healthcare.kim,available,76,28,10,,,
b779b975-f1ad-4c24-8790-2142b91398fc,healthcare.kitchen,resell,76,28,10,"Sav.com, LLC - 47",14/05/2025 15:16,14/05/2026 15:16
18c25b81-88e3-4f09-b2ab-c0944850d352,healthcare.la,resell,76,28,10,LA Domain Names,25/06/2020 01:09,25/06/2026 23:59
125fca9e-b13f-4787-b32f-64915ab69164,healthcare.land,premium,76,28,10,,,
971d5e9e-2d75-45d4-bba6-51b08243e144,healthcare.law,resell,76,28,10,"GoDaddy.com, LLC",30/06/2017 02:49,30/06/2026 02:49
dbf26129-fce2-4cb1-83b3-0c7b5c40a8b8,healthcare.lawyer,premium,76,28,10,,,
25970016-40c7-44c0-9487-c02802abe265,healthcare.lease,available,76,28,10,,,
163ba79d-68c4-493f-8412-b4a9467a9cd2,healthcare.lgbt,available,76,28,10,,,
f085965b-5be3-438a-9d73-6295fffdcf35,healthcare.lifestyle,premium,76,28,10,,,
7a573c18-637a-4429-91c4-c974dcc6edba,healthcare.limited,premium,76,28,10,,,
61f4a3c1-cb6d-4de2-afd0-88352bc27e9b,healthcare.limo,available,76,28,10,,,
46c64be0-47fa-4ec3-b8d0-af09d6128cf5,healthcare.link,premium,76,28,10,,,
3c3fd8e9-6e5d-455c-8c36-067f1ac00017,healthcare.live,premium,76,28,10,,,
832c27fb-b8eb-423c-9686-28b7e0b15466,healthcare.living,premium,76,28,10,,,
502c0706-d1c6-4c1a-865f-1c93f99169db,healthcare.llc,premium,76,28,10,,,
310a5326-0203-4a0e-867a-10e0834b582d,healthcare.loan,premium,76,28,10,,,
7a11c596-fcce-4ab0-a778-b2c8a4d5d1e2,healthcare.locker,premium,76,28,10,,,
9c9a6b95-5bda-4c1b-9c3d-51d08d76caa8,healthcare.lol,premium,76,28,10,,,
8f489d78-dca0-4f90-acbd-80e098b29e41,healthcare.love,premium,76,28,10,,,
64e47ccb-df52-4796-a122-3394c46db850,healthcare.ltd,resell,76,28,10,"Chengdu West Dimension Digital Technology Co., Ltd.",14/08/2019 03:12,14/08/2030 03:12
e9b4c666-4600-4e86-a17e-73cdfbbf6c0b,healthcare.ltda,premium,76,28,10,,,
a1768bc6-7a52-466d-a841-1dffa1b544d5,healthcare.luxe,available,76,28,10,,,
9aa40b95-bef2-4a0d-80dd-a6c1fcc3fffa,healthcare.luxury,premium,76,28,10,,,
c84493fd-b864-4ccb-a0de-61330174fd79,healthcare.maison,available,76,28,10,,,
d6dd4a29-80d6-4897-988d-af89f56e1277,healthcare.makeup,premium,76,28,10,,,
f24c3254-aa61-4ae8-9b01-8625a04235cd,healthcare.market,premium,76,28,10,,,
71e115f9-c63a-4cda-8acf-6af7e84d5567,healthcare.marketing,resell,76,28,10,"Spaceship, Inc.",30/06/2020 13:08,30/06/2026 13:08
8b3cc689-9ebc-4d24-8eba-f70853ca2ce8,healthcare.me,premium,76,28,10,,,
efeba8dd-67a7-45d6-8034-2dd57ea87bb8,healthcare.media,expired,76,28,10,"GoDaddy.com, LLC",05/10/2018 19:38,05/10/2025 19:38
d68c07ad-1c60-4fd8-a7e1-b2be6b65b988,healthcare.melbourne,premium,76,28,10,,,
2b059db6-9c4d-4791-922c-8b04202cb4ee,healthcare.meme,premium,76,28,10,,,
92b44661-2875-418d-99ee-ab891038208e,healthcare.memorial,premium,76,28,10,,,
125a6205-e156-4af1-a98b-fd505933b4f8,healthcare.men,premium,76,28,10,,,
6553afb2-ff5f-4d4c-9911-1dddcb823f4a,healthcare.miami,premium,76,28,10,,,
fedbe247-f833-4adc-a5b5-61e211acd56a,healthcare.mobi,expiring,76,28,10,"GoDaddy.com, LLC",11/12/2010 03:25,11/12/2025 03:25
1cd7c21a-8aba-479a-836c-f4670d374d09,healthcare.moda,available,76,28,10,,,
b6749050-7999-469f-a629-5e14d9461f7c,healthcare.moe,premium,76,28,10,,,
7976a981-194a-493e-832c-a5e0b90bab49,healthcare.mom,premium,76,28,10,,,
8b1245d8-974b-44ee-9bcc-3d384745ca4f,healthcare.money,resell,76,28,10,"Spaceship, Inc.",11/03/2015 16:00,11/03/2026 16:00
d0fa1781-1c8a-47b8-8285-26262a1a74d7,healthcare.monster,premium,76,28,10,,,
2b7a9588-af38-4b02-828e-8aac28b49279,healthcare.mortgage,premium,76,28,10,,,
955f4fa3-341b-4c05-9ed8-b8157130693f,healthcare.motorcycles,premium,76,28,10,,,
80523460-6324-402c-a28f-cd02da509241,healthcare.mov,premium,76,28,10,,,
9b887795-8d66-4853-83a2-53ac3e3d7332,healthcare.movie,available,76,28,10,,,
05cb2f71-b161-4968-891a-ab58f7605760,healthcare.music,premium,76,28,10,,,
ba228054-fb1c-4a52-b056-9ce9c483622e,healthcare.navy,available,76,28,10,,,
84ee102b-7e7d-4a60-bbc5-e1c6b75ff68b,healthcare.network,expiring,76,28,10,"Go France Domains, LLC",10/12/2014 16:14,10/12/2025 16:14
2e296481-6665-4114-8450-47eb203cbf84,healthcare.news,premium,76,28,10,,,
75ff75c1-eb0a-4892-9ba4-e2c2d28694f3,healthcare.nexus,premium,76,28,10,,,
83b7054f-c923-4257-bf19-0d9cc29e1dbb,healthcare.ngo,premium,76,28,10,,,
07944ef9-f9f2-439c-ba88-13394f2871ac,healthcare.nyc,premium,76,28,10,,,
38809f2f-72a5-4fee-bd4d-1c15c3cfc355,healthcare.observer,premium,76,28,10,,,
4c166545-9e9f-49b0-82bb-35d9395d2008,healthcare.ong,premium,76,28,10,,,
bfd56c93-1665-4441-a8fe-3864996441f1,healthcare.online,premium,76,28,10,,,
00c94867-ce3d-4a49-acde-acf63f23617d,healthcare.ooo,available,76,28,10,,,
109fe724-a22c-4533-a6a6-196eb0fe9315,healthcare.organic,available,76,28,10,,,
78f88395-501a-4ef8-90a7-a2eac16163af,healthcare.osaka,premium,76,28,10,,,
c686ef41-0a31-4e95-9710-744344249dba,healthcare.page,premium,76,28,10,,,
707b0de3-e118-453a-8585-980fbaf221c8,healthcare.partners,resell,76,28,10,Porkbun LLC,24/06/2015 16:00,24/06/2026 16:00
e95c5243-ebd7-43c5-ac89-1b67bc1ef243,healthcare.parts,premium,76,28,10,,,
816c8122-efa1-425b-b91e-1d137dbe5d61,healthcare.party,available,76,28,10,,,
8af8af6b-8675-40dd-92a4-8de463b76c54,healthcare.pet,premium,76,28,10,,,
ea65702e-44ae-4db1-90bc-7f694cfba59b,healthcare.phd,premium,76,28,10,,,
0c5509e8-6677-47d4-9b3a-f23699ee9149,healthcare.photo,premium,76,28,10,,,
4a86fd7f-f473-430d-b142-45c953a22608,healthcare.photos,resell,76,28,10,"Spaceship, Inc.",05/03/2014 20:11,05/03/2026 20:11
7a33ec31-8495-4be2-ad1a-57ac4cf71c1e,healthcare.pictures,available,76,28,10,,,
c5f6f9c2-a1e0-4788-8c4b-c7c753a628c3,healthcare.pink,premium,76,28,10,,,
58a297ca-e538-497e-9869-8102d5e3429e,healthcare.pizza,available,76,28,10,,,
0f711a42-baf5-4bed-9547-942177d1298b,healthcare.plumbing,available,76,28,10,,,
3fc4dd1a-07f1-42be-95c1-fe074b6390e9,healthcare.plus,resell,76,28,10,"Spaceship, Inc.",22/09/2021 17:00,22/09/2026 17:00
a0e2e23e-6f76-4182-af9e-47d376d24514,healthcare.poker,available,76,28,10,,,